url,title,year,month,film,season,platform,comment
16-spring-2020-tv-shows-with-lgbtq-women-characters-to-anticipate-or-enjoy-or-whatever-you-need-right-now,15 Spring 2020 TV Shows With LGBTQ+ Women Characters To Anticipate or Enjoy or Whatever You Need Right Now,2020,3,Little Fires Everywhere,0,Hulu,"Adapted from the best-selling novel by Celeste Ng and headed up by bisexual showrunner Liz Tigelaar, this Hulu limited series set in 1997 (with all the pitch-perfect cultural references you’d expect) makes a few significant and important deviations from its source material in order to tell an even more complicated story about class, race and sexuality. One very welcome adjustment? It’s gayer."
16-spring-2020-tv-shows-with-lgbtq-women-characters-to-anticipate-or-enjoy-or-whatever-you-need-right-now,15 Spring 2020 TV Shows With LGBTQ+ Women Characters To Anticipate or Enjoy or Whatever You Need Right Now,2020,3,Self Made: Inspired by the Life of Madam C.J. Walker ,0,Netflix,"Octavia Spencer plays Madam C.J. Walker, the first woman and the first black person to become a self-made millionaire in America when she debuted a best-selling line of hair and beauty products for Black women. Her daughter, A’Lelia — played by Tiffany Haddish — was a vivid presence in The Harlem Renaissance, throwing lavish parties attended by princesses and dykes from Europe and Russia, New York socialites and the well-known intellectuals and writers of the Harlem Renaissance. The series commits to A’Lelia’s own bisexuality, as well."
16-spring-2020-tv-shows-with-lgbtq-women-characters-to-anticipate-or-enjoy-or-whatever-you-need-right-now,15 Spring 2020 TV Shows With LGBTQ+ Women Characters To Anticipate or Enjoy or Whatever You Need Right Now,2020,3,Feel Good,1,,
16-spring-2020-tv-shows-with-lgbtq-women-characters-to-anticipate-or-enjoy-or-whatever-you-need-right-now,15 Spring 2020 TV Shows With LGBTQ+ Women Characters To Anticipate or Enjoy or Whatever You Need Right Now,2020,3,Motherland: Fort Salem ,,Freeform/Hulu,"This alternate history suggests a world within the witches were not all killed by the Salem Witch Trials, but rather rose up and took over the U.S. government. Some of the new recruits training at the exclusively all-girls compound are — you guessed it! — gay!"
16-spring-2020-tv-shows-with-lgbtq-women-characters-to-anticipate-or-enjoy-or-whatever-you-need-right-now,15 Spring 2020 TV Shows With LGBTQ+ Women Characters To Anticipate or Enjoy or Whatever You Need Right Now,2020,4,Siren,3,the CW,"If you’re into environmentalism, polyamory, and murder mermaids, Siren is the show for you. It’s unlike most other shows on television, and is calling out the dangers of overfishing and pollution and humans disrupting the natural balance of the ocean, while also having the three main characters (Ben, Maddie, and Rin) in a genuine throuple; just a man, a woman, and a little mermaid. We are shown humanity and relationship/social constructs challenged by this newcomer, and it’s fun to watch her break down everyone’s expectations while also breaking a few necks as necessary. (-Valerie)"
16-spring-2020-tv-shows-with-lgbtq-women-characters-to-anticipate-or-enjoy-or-whatever-you-need-right-now,15 Spring 2020 TV Shows With LGBTQ+ Women Characters To Anticipate or Enjoy or Whatever You Need Right Now,2020,4,Killing Eve,3,BBC America/AMC,"Killing Eve showrunner and lead writer Suzanne Heathcoate says we’ll get to see elements of Villanelle’s character we’ve never seen before in Season Three “and begin to understand who she is as a person.” Eve has obviously survived after what seemed to be her murder by Villanelle but is “forever changed.” “It’s really about seeing her now, this new version of herself, and her acceptance of herself,” says Heathcote, “which is very exciting and really takes her into new places.”"
16-spring-2020-tv-shows-with-lgbtq-women-characters-to-anticipate-or-enjoy-or-whatever-you-need-right-now,15 Spring 2020 TV Shows With LGBTQ+ Women Characters To Anticipate or Enjoy or Whatever You Need Right Now,2020,4,Baptiste,1,PBS,"After debuting in the UK on the BBC last year, Baptiste comes to the states on PBS in this spinoff of The Missing. Julien Baptiste is helping the Dutch police investigate the disappearance of s sex worker in Amsterdam. He also meets Kim Vogel, a trans cafe owner and sex worker organizer who is played by trans actress Talisa Garcia."
16-spring-2020-tv-shows-with-lgbtq-women-characters-to-anticipate-or-enjoy-or-whatever-you-need-right-now,15 Spring 2020 TV Shows With LGBTQ+ Women Characters To Anticipate or Enjoy or Whatever You Need Right Now,2020,4,In the Dark,2,the CW,"In the Dark is about a blind woman, Murphy, who was a bit of a selfish asshole until someone she cared about was murdered, and then she joined forces with her lesbian roommate, Jess, and her on-again, off-again boyfriend to try to solve the mystery. The show made some…questionable choices regarding representation on all fronts – blindness, lesbianism, bisexuality – but Murphy and Jess are a sort of irresistible Slytherin/Hufflepuff friendship and maybe, just maybe, they’ll make some better choices in Season 2. (-Valerie)"
16-spring-2020-tv-shows-with-lgbtq-women-characters-to-anticipate-or-enjoy-or-whatever-you-need-right-now,15 Spring 2020 TV Shows With LGBTQ+ Women Characters To Anticipate or Enjoy or Whatever You Need Right Now,2020,4,We’re Here,1,HBO,"Drag queens Bob the Drag Queen, Eureka O’Hara and Shangela Laquifa Wadley explore gay life in the U.S., “serving change one small town at a time” by recruiting residents to participate in a one-night only drag performance. The trailer suggests that LGBTQ people, including women and non-binary folks, will be part of the program. The New York Times writes, “The transformee’s personal stories of discrimination, loneliness and empowerment are genuinely moving, and the producers don’t shy away from exploring the complexity of being queer in America.”"
16-spring-2020-tv-shows-with-lgbtq-women-characters-to-anticipate-or-enjoy-or-whatever-you-need-right-now,15 Spring 2020 TV Shows With LGBTQ+ Women Characters To Anticipate or Enjoy or Whatever You Need Right Now,2020,4,Defending Jacob,0,Apple+,"A young couple is forced to reckon with very dramatic situations when their son is accused of MURDER. I’m not sure if there’s any gay in this, but it looks really good and also Cherry Jones plays his lawyer and like, her character is gay right? I feel like that’s the rule but as I am reminded so often these days….. I don’t make the rules….."
16-spring-2020-tv-shows-with-lgbtq-women-characters-to-anticipate-or-enjoy-or-whatever-you-need-right-now,15 Spring 2020 TV Shows With LGBTQ+ Women Characters To Anticipate or Enjoy or Whatever You Need Right Now,2020,4,Vida,3,Starz,"Unfortunately for all of us Vida superfans, Vida‘s third season will be its last but it looks like they’re going out with a bang — with a lot of drag, old family secrets, lesbian drama, girl-on-girl action and increasing conflicts with neighborhood activists."
16-spring-2020-tv-shows-with-lgbtq-women-characters-to-anticipate-or-enjoy-or-whatever-you-need-right-now,15 Spring 2020 TV Shows With LGBTQ+ Women Characters To Anticipate or Enjoy or Whatever You Need Right Now,2020,4,Penny Dreadful: City of Angels,1,Showtime,"City of Angels is set in 1938 Los Angeles, during the Golden Age of Hollywood, centered on a murder investigation within a time and place “deeply infused with Mexican-American folklore and social tension.” The deity Santa Muerte, who is often seen as a protector of LGBT communities in Mexico, is central to the story. The showrunners say, “it’s set in 1938, but it’s about 2020. It’s about the dangers of demagoguery, it’s about the demonization of the other, it’s about nationalist fervor, it’s about people being terrified, it’s about new transportation, new technologies, the constant threat of war, it’s about people being at this moment in history and not being able to see what the next ten years is going to be and they’re terrified.” Will there be anything queer in it that is relevant to our interests? I’m truly not sure! But here it is on your radar just in case!"
16-spring-2020-tv-shows-with-lgbtq-women-characters-to-anticipate-or-enjoy-or-whatever-you-need-right-now,15 Spring 2020 TV Shows With LGBTQ+ Women Characters To Anticipate or Enjoy or Whatever You Need Right Now,2020,5,Betty,1,HBO,This high-energy and very funny six-episode spinoff of the 2018 film “Skate Kitchen” already looks gayer than the film and will follow a group of women navigating New York’s male-dominated skater culture. Skate Kitchen filmmaker Crystal Moselle created the show with Brooklyn 99 writer Lesley Arfin.
16-spring-2020-tv-shows-with-lgbtq-women-characters-to-anticipate-or-enjoy-or-whatever-you-need-right-now,15 Spring 2020 TV Shows With LGBTQ+ Women Characters To Anticipate or Enjoy or Whatever You Need Right Now,2020,5,Hollywood,0,Netflix,"Set in 1940s Tinseltown, this seven-episode limited series from Ryan Murphy mixes fictional characters with actual legends and a cast that includes Holland Taylor, Laura Harrier, Samara Weaving, Maude Apatow and Mira Sorvino. Michelle Krusiec is set to play bisexual actress Anna Mae Wong, considered Hollywood’s first Chinese-American movie star. Janet Mock is serving as Executive Producer, Writer and Director, describing the series as an “aspirational tale of what ifs” where “a band of outsiders are given a chance to tell their own story.”"
16-spring-2020-tv-shows-with-lgbtq-women-characters-to-anticipate-or-enjoy-or-whatever-you-need-right-now,15 Spring 2020 TV Shows With LGBTQ+ Women Characters To Anticipate or Enjoy or Whatever You Need Right Now,2020,5,Billions,5,Showtime,"We’re not actually aware of any LGBTQ+ women characters in this show, but we wanted to mention it anyhow because it has a very important non-binary character! Non-binary character Taylor Mason is forced back to Axe Capital in Season Five, where they must fight to protect their employees and their assets. The series had to halt production due to COVID, so only part of the fifth season will air this spring, the rest is TBD."
16-spring-2020-tv-shows-with-lgbtq-women-characters-to-anticipate-or-enjoy-or-whatever-you-need-right-now,15 Spring 2020 TV Shows With LGBTQ+ Women Characters To Anticipate or Enjoy or Whatever You Need Right Now,2020,5,Hightown,1,Starz,"Monica Raymund’s Jackie Quiñones is a hard-drinking and womanizing Provincetown townie who gets pulled into a drug-related murder investigation when she finds a body on the beach — another victim of Cape Cod’s opioid epidemic. This “funny, exciting, sexy crime drama” also sees Jackie on her own journey towards sobriety. We are VERY stoked for a queer woman of color lead played by a queer actress!"
16-spring-2020-tv-shows-with-lgbtq-women-characters-to-anticipate-or-enjoy-or-whatever-you-need-right-now,15 Spring 2020 TV Shows With LGBTQ+ Women Characters To Anticipate or Enjoy or Whatever You Need Right Now,2020,5,Snowpiercer,1,TNT,"NewNowNext seems to think this show will have “a lot more sexual fluidity” than we saw in the film (directed by Parasite‘s Bong Joon-ho), and at around 2:04 in the trailer that perpetual dream of ours appears to be coming true. Set in a frigid, post-apocalyptic future aboard a constantly moving train, Snowpiercer sees class differences play out amongst 1,001 cars that are home to the remainder of Earth’s population."
27-summer-2019-tv-shows-for-queers-to-watch-out-for,27 Summer 2019 TV Shows For Queers To Watch Out For,2019,5,Vida,2,Starz,"The most important tenets of Vida‘s phenomenal first season remain the same — Tanya Saracho has no interest in answering questions easily. She doesn’t want queerness that can be explained away by Merriam-Webster or a college Gender Studies 101 class. She has no use for gentrification that can be reduced into a simple “us vs them” narrative. What would even be the point of sisters who love each other without baggage? Vida is messy, perhaps even more so than it was in Season One, if that’s possible. — Carmen"
27-summer-2019-tv-shows-for-queers-to-watch-out-for,27 Summer 2019 TV Shows For Queers To Watch Out For,2019,5,She’s Gotta Have It,2,Netflix,"What’s merciful about Season Two of She’s Gotta Have It is that, for once, Spike Lee loosens his grip just enough to let a black woman character speak for herself. She’s given wide space to selfishly explore her own desires and responsibilities on no one’s terms but her own. This iteration of Nola Darling is finally, and sublimely, allowed to step into the light of summer. — Carmen"
27-summer-2019-tv-shows-for-queers-to-watch-out-for,27 Summer 2019 TV Shows For Queers To Watch Out For,2019,5,State of Pride,,Youtube,"The filmmakers behind this incredible documentary traveled to Salt Lake City, San Francisco and Tuscaloosa, Alabama, to interview a diverse group of LGBTQ people and obtain “an unflinching look at LGBTQ Pride, from the perspective of a younger generation for whom it still has personal urgency.”"
27-summer-2019-tv-shows-for-queers-to-watch-out-for,27 Summer 2019 TV Shows For Queers To Watch Out For,2019,5,When They See Us,0,Netflix,"Ava DuVernay’s four part miniseries chronicles the harrowing story of the Central Park Five: five young men arrested, tried and convicted — first in the media, then in the court system — for a crime that they did not commit. Among the critically acclaimed cast is Isis King who plays Marci Wise, the trans sister of Korey Wise, the eldest of the Central Park Five. — Natalie"
27-summer-2019-tv-shows-for-queers-to-watch-out-for,27 Summer 2019 TV Shows For Queers To Watch Out For,2019,6,Burden of Truth,2,the CW,"The Canadian import, Burden of Truth spent its first season focused on the poisoning of a group of girls by the local steel mill and the legal effort to win restitution. By the season’s end, the case had been won and the show’s adorable baby gays, Molly and Luna, were off to get their first glimpse of the Pacific Ocean (with $2M in Molly’s pocket). It seemed like a tidy ending but, apparently the CBC/CW can’t get enough of Kristin Kreuk, so we’re in for an exciting second season. This time, Kreuk’s Joanna is up against a tech giant who’s using a former employee’s coding for weaponry…but later she gets roped into a case that could change Luna’s life forever. — Natalie"
27-summer-2019-tv-shows-for-queers-to-watch-out-for,27 Summer 2019 TV Shows For Queers To Watch Out For,2019,6,The Handmaid’s Tale,3,Hulu,"Season Three of this dark masterpiece will see June become increasingly radicalized while grappling for potential allies — or enemies — in her immediate landscape. Serena Joy? Commander Lawrence? Who can say! Oh and FYI, Aunt Lydia survived the knife attack, Samira Wiley will be back, and I’d like to pre-emptively assume June and Serena Joy will again win the Series Sexual Tension Award. — Riese"
27-summer-2019-tv-shows-for-queers-to-watch-out-for,27 Summer 2019 TV Shows For Queers To Watch Out For,2019,6,Grown-Ish,2,Freeform,"We were already all in on this pitch-perfect half-hour of socially conscious television that never takes itself too seriously before they brought back Shane as a Women’s Studies teacher, but now that Naomi’s not her student anymore, the back half of Season Two will be particularly enticing to a very specific subset of the queer community. — Riese"
27-summer-2019-tv-shows-for-queers-to-watch-out-for,27 Summer 2019 TV Shows For Queers To Watch Out For,2019,6,Armistead Maupin’s Tales of the City,1,Netflix,"Forty years ago, Armistead Maupin began writing Tales of the City as serialized short stories in the San Francisco Chronicle and the San Francisco Examiner. Ultimately, those stories became nine books, the first few of which PBS and Showtime adapted into a TV miniseries starring Laura Linney and Olympia Dukakis in the ’90s. This year, Netflix is launching a sequel helmed by Orange Is the New Black‘s Lauren Morelli and starring Ellen Page as Linney’s character’s daughter. The entire thing is gayer than a Pride parade. There are lesbians and bisexuals and gay men and trans people and non-binary people and drag queens and queer poly couples and an entire flashback episode starring Jen Richards and Daniela Vega. The writers’ room was also 100% queer. Look for a full review, an interview with Lauren Morelli, and a big roundtable with intersecting queer identities discussing the series right here on Autostraddle dot com. — Heather"
27-summer-2019-tv-shows-for-queers-to-watch-out-for,27 Summer 2019 TV Shows For Queers To Watch Out For,2019,6,XY Chelsea,,Showtime,"Shot over two years and featuring exclusive interviews and behind-the-scenes verité with Chelsea Manning, XY Chelsea tells the story of the whistle-blower starting from her release from prison in May 2017, exploring her position on national security and trans rights and visibility."
27-summer-2019-tv-shows-for-queers-to-watch-out-for,27 Summer 2019 TV Shows For Queers To Watch Out For,2019,6,Claws,3,TNT,"Sometimes the silence just gets to be too much. Such was the case for Quiet Ann in Season 2 of Claws. After one setback after another, Quiet Ann finally spoke up: creating friction at first but, ultimately, forging a deeper connection with women she calls her crew. Now, with their issues resolved, Ann and the ladies of Nail Artisans of Manatee County are moving on up. Thanks to Desna’s short-lived marriage and the “untimely” death of their Russian mob boss, Ann and the girls are taking over: running the salon, the pill mill and a brand new casino. With a chance to “level up” finally within their grasp, can Ann finally find the happiness — and the girlfriend — that she’s dreamt of for so long? — Natalie"
27-summer-2019-tv-shows-for-queers-to-watch-out-for,27 Summer 2019 TV Shows For Queers To Watch Out For,2019,6,Big Little Lies,2,HBO,"Despite its frustrating inability to deliver even the subtle lesbian action we deserve from this ensemble, Mommi lovers are unable to resist the siren songs sung from these Monterrey shores. Season Two sees the return of the entire main cast for a deft exploration of the aftermath of trauma and will introduce Perry’s grieving mother, played by Meryl Streep, searching for answers to who killed her shitbag son. A woman is taking the helm this season — Andrea Arnold, whose prior work includes I Love Dick, Transparent, and Sasha Lane’s debut film American Honey — will direct all seven episodes. The season promises to explore “the malignancy of lies, the durability of friendships, the fragility of marriage and of course, the vicious ferocity of sound parenting.”"
27-summer-2019-tv-shows-for-queers-to-watch-out-for,27 Summer 2019 TV Shows For Queers To Watch Out For,2019,6,Pose,2,FX,"Season Two time-jumps to 1990, at the peak of the AIDS crisis, on the day Madonna’s single “vogue” was released, thus putting the ballroom scene in the spotlight. Bisexual comedian Sandra Bernhard returns as a nurse, and activist groups like ACT UP will show up. Pose radiates, breaking ground with every stylized walk on top of it, wrapping universal messages about chosen family and community into stories never before told on such a prominent platform."
27-summer-2019-tv-shows-for-queers-to-watch-out-for,27 Summer 2019 TV Shows For Queers To Watch Out For,2019,6,Queen Sugar,4,OWN,Because we remember that Nova Bordelon is supposed to be pansexual even if the show’s forgotten. #GiveNovaAGirlfriend2k19 — Natalie
27-summer-2019-tv-shows-for-queers-to-watch-out-for,27 Summer 2019 TV Shows For Queers To Watch Out For,2019,6,Younger,6,TV Land,"Last year, Viacom Media announced that Younger would be moving from its original home on TV Land to its sibling Paramount Network but then — presumably after realizing that Heather’s definitely not the only person that watches this show — TV Land opted to keep the show for its sixth season. The show will have a new feel now that Hilary Duff’s in charge of everything and Charles and Liza are trying to make their relationship work. The important news, though? Maggie’s getting a girlfriend! Evie Roy Nicole Ari Parker is joining Younger to play Maggie’s love interest in a multi-episode arc. — Natalie"
27-summer-2019-tv-shows-for-queers-to-watch-out-for,27 Summer 2019 TV Shows For Queers To Watch Out For,2019,6,Trinkets,1,Netflix,"Based on the young adult novel by Kirsten Smith, Trinkets is the story of three teenage girls who’d probably never interact with each other but for the Shoplifter’s Anonymous meetings they’re all forced to attend. According to Netflix: “Elodie — the grieving misfit, Moe — the mysterious outsider, and Tabitha — the imperfect picture of perfection, will find strength in each other as they negotiate family issues, high school drama and the complicated dilemma of trying to fit in while longing to break out.” Aside from the intriguing premise, there are two other things that might make it relevant to your interests: 1. queer characters (!!) and 2. queer characters played by actual queer actresses (Brianna Hildebrand and Kat Cunningham, respectively). — Natalie"
27-summer-2019-tv-shows-for-queers-to-watch-out-for,27 Summer 2019 TV Shows For Queers To Watch Out For,2019,6,Marvel’s Jessica Jones,3,Netflix,"The debut of the third season of Jessica Jones marks the end of the Marvel era with Netflix. Unlike the other MCU shows though, whose cancellations came abruptly after their new seasons debuted, Jessica Jones will get the send-off our raven-haired hero deserves. Before she can say good-bye, though, there’s still work to be done: she and her former BFF, Trish Walker, will have to put aside their grievances — recall, Trish killed Jessica’s mom last season — to work together and take down a “highly intelligent psychopath. After recklessly grappling with her ALS diagnosis last season (and getting burned in the process), Jeri Hogarth is trying to get her swagger back. She’s opened up her own law firm and put Pryce and Malcolm on her payroll. If history’s any guide, Jeri’s definitely going to be stirring some shit up. — Natalie »"
27-summer-2019-tv-shows-for-queers-to-watch-out-for,27 Summer 2019 TV Shows For Queers To Watch Out For,2019,6,Euphoria,1,HBO,"Trans model Hunter Schafer plays a trans character in this Skins-esque remake of the Israeli original, starring Zendaya in a trippy sex-drugs-and-adolescence drama. In an interview with Dazed Digital, Hunter said that despite being skeptical of a white cis male showrunner considering the material, “a lot happened in those first four episodes that I, as a transfeminine person and a queer person, really identify with.” — Riese"
27-summer-2019-tv-shows-for-queers-to-watch-out-for,27 Summer 2019 TV Shows For Queers To Watch Out For,2019,6,The Good Fight,1,CBS,"In a recent column, Michelle Goldberg called The Good Fight “the only TV show that reflects what life under Trump feels like for many of us who abhor him.” Unfortunately, because the show’s restricted to the network’s subscription service, “many of us who abhor him” haven’t been able to watch the show, but this summer, The Good Fight is coming to broadcast television. CBS will air the first season and everyone can enjoy the best show of the resistance. And as a bonus, we’ve got Dorothy Snarker recaps from season one to supplement your viewing. — Natalie"
27-summer-2019-tv-shows-for-queers-to-watch-out-for,27 Summer 2019 TV Shows For Queers To Watch Out For,2019,6,Good Trouble,2,Freeform,"We tuned into Good Trouble back in January to watch the Adams-Foster sisters start their professional lives but it didn’t take long before we got wrapped in all the drama of the “intentional living space” that they now call home. When the show returns for its second season, Mariana’s balancing a new relationship and a new dynamic at work, Davia’s balancing old desires with new interests, Callie and Malika are awaiting the outcome of the Jamal Thompson case and Alice is grappling with her new reality as an out gay woman. And maybe, if we’re lucky, we’ll get another visit from the Mamas too. — Natalie"
27-summer-2019-tv-shows-for-queers-to-watch-out-for,27 Summer 2019 TV Shows For Queers To Watch Out For,2019,6,The Lavender Scare,,PBS,"The little-known story of the unrelenting campaign by the general government to identify and fire people who seemed possibly gay, narrated by Glen Close and featuring the voices of noted homosexuals Cynthia Nixon, Zachary Quinto, T.R. Knight and David Hyde Pierce."
27-summer-2019-tv-shows-for-queers-to-watch-out-for,27 Summer 2019 TV Shows For Queers To Watch Out For,2019,6,Black Mirror,,Netflix,Other dates that might be relevant to your interests:
27-summer-2019-tv-shows-for-queers-to-watch-out-for,27 Summer 2019 TV Shows For Queers To Watch Out For,2019,6,FIFA Women’s World Cup,,Fox,Other dates that might be relevant to your interests:
27-summer-2019-tv-shows-for-queers-to-watch-out-for,27 Summer 2019 TV Shows For Queers To Watch Out For,2019,6,The Tony Awards,,CBS,Other dates that might be relevant to your interests:
27-summer-2019-tv-shows-for-queers-to-watch-out-for,27 Summer 2019 TV Shows For Queers To Watch Out For,2019,6,Ackley Bridge,,Channel 4,Other dates that might be relevant to your interests:
27-summer-2019-tv-shows-for-queers-to-watch-out-for,27 Summer 2019 TV Shows For Queers To Watch Out For,2019,6,Years and Years,,HBO,Other dates that might be relevant to your interests:
27-summer-2019-tv-shows-for-queers-to-watch-out-for,27 Summer 2019 TV Shows For Queers To Watch Out For,2019,7,Harlots,3,Hulu,"Charlotte Wells is forced to take over the brothel in her mother’s absence while Lydia Quigley rots in jail and some new entrepreneurs in town angle to open up a “Molly House” in her prior evirons. Season Two got much gayer than Season One, and you can expect Season Three to do the same for racial diversity. Harlots reliably reveals the soft underbelly of what is often a very difficult life: the respite of chosen family and the intensity of those bonds, more genuinely rewarding and life-sustaining than those that unite sin-soaked, supremacist brotherhoods. — Riese"
27-summer-2019-tv-shows-for-queers-to-watch-out-for,27 Summer 2019 TV Shows For Queers To Watch Out For,2019,7,Siren,2,Freeform,"The second half of Siren‘s second season picks up where the first half left off: the mermaids have returned to the sea, while Ben and Maddie are left on land to face the consequences of the attack on the oil rig. On top of that, Ben and Maddie are melancholy without Ryn, the missing third of their throuple. Thankfully Ryn returns back to land to follow through on an agreement she made with the military so Valerie’s #hornyformermaids campaign can continue, unabated. — Natalie"
27-summer-2019-tv-shows-for-queers-to-watch-out-for,27 Summer 2019 TV Shows For Queers To Watch Out For,2019,7,Sweetbitter,2,Starz,"Adapted from the bestselling novel from Stephanie Danler, Sweetbitter is a look at the 2006 New York culinary scene through the eyes of an ingénue named Tess…who definitely gives off season one of The L Word Jenny Schetcher vibes, right down to the black trash bags she carries into her Willamsburg apartment. Working at Sweetbitter, Tess meets Ari who, if we’re keeping the L Word parallels going, is a mix of Shane, Carmen with a dash of Marina; in other words, she’s a no-nonsense server at Sweetbitter by day and an adventurous lesbian DJ by night. According to Ari’s portrayer, Eden Epstein, the second season will delve more into Ari’s sex life. The second season will also add a bit more queer to the cast: as the imitable Sandra Bernhard joins the cast this summer as Maddie Glover, the owner of Sweetbitter, who once ran things in the kitchen before stepping away to launch a global food empire. — Natalie"
27-summer-2019-tv-shows-for-queers-to-watch-out-for,27 Summer 2019 TV Shows For Queers To Watch Out For,2019,7,Light as a Feather,2,Hulu,"When it debuted, Light as a Feather seemed perfectly timed: the series, which Valerie described as Pretty Little Liars-esque, with a touch of The Craft and Final Destination, dropped right in the middle of October…the exact time of year, audiences are craving spooky fair. So I’m not sure what it says about Light as a Feather‘s second season that its debuting in July instead; have we traded in scary for heat? Details are scant on season 2, thus far, particularly as it relates to the show’s lesbian character Alex Portnoy, but we do know that McKenna’s inherited the curse brought on by the titular game. The chrysalis on her back attempts to lure her back to the game but McKenna refuses until the situation becomes untenable. — Natalie"
27-summer-2019-tv-shows-for-queers-to-watch-out-for,27 Summer 2019 TV Shows For Queers To Watch Out For,2019,7,Orange is the New Black,7,Netflix,"Orange takes its final bow this summer. So far all we’ve got is a lil clip of many beloved characters singing the theme song in their head voices — but from that alone, it seems Flaca and Maritza could be returning. At Season Six’s end, Taystee took the fall for a murder she didn’t commit and Piper found herself granted early release, directly after marrying Alex. It’ll be a doozy, but I know I’ll be glued to my television the whole damn weekend. — Riese"
27-summer-2019-tv-shows-for-queers-to-watch-out-for,27 Summer 2019 TV Shows For Queers To Watch Out For,2019,7,She-Ra and the Princesses of Power,3,Netflix,"When season two of She-Ra landed on Netflix, Heather noted, “there’s less implicit queerness than season one. But also: There’s more explicit queerness than season one. Way more!” So if the trend holds, the show’s third season will be extra gay. Fingers crossed! One thing we do know about She-Ra‘s third season: it’ll feature the debut of Huntara, the Salaxian bounty hunter from the original series. In the Netflix version of She-Ra, Huntara’s the leader of the Crimson Waste who’s reluctant to help Adora, Glimmer, and Bow on a quest. And, if that wasn’t cool enough: Huntara’s being voiced by Oscar winner, Geena Davis. — Natalie"
27-summer-2019-tv-shows-for-queers-to-watch-out-for,27 Summer 2019 TV Shows For Queers To Watch Out For,2019,7,G.L.O.W.,3,Netflix,"The Gorgeous Ladies of Wrestling are back for their third season and now they’re headliners at the Fan-Tan Hotel and Casino in Las Vegas. Everyone soon realizes that everything that glitters ain’t gold…and their residency in Sin City turns out to be more complicated than they anticipated. The Netflix logline also says that in season three “the cast find themselves struggling with their own identities both in and outside of the ring,” which sounds suspiciously like the tropes that Riese warned about in her season two conversation with Heather. Can’t Arthie and Yolanda be happy for a while? — Natalie"
27-summer-2019-tv-shows-for-queers-to-watch-out-for,27 Summer 2019 TV Shows For Queers To Watch Out For,2019,7,Legion,,FX,Other dates that might be relevant to your interests:
27-summer-2019-tv-shows-for-queers-to-watch-out-for,27 Summer 2019 TV Shows For Queers To Watch Out For,2019,7,Pearson,,USA,Other dates that might be relevant to your interests:
27-summer-2019-tv-shows-for-queers-to-watch-out-for,27 Summer 2019 TV Shows For Queers To Watch Out For,2019,7,Killjoys,,SyFy,Other dates that might be relevant to your interests:
27-summer-2019-tv-shows-for-queers-to-watch-out-for,27 Summer 2019 TV Shows For Queers To Watch Out For,2019,7,Veronica Mars,,Hulu,Other dates that might be relevant to your interests:
a-gay-girls-guide-to-fall-2013-television-196326,A Gay Girl’s Guide To Fall 2013 Television,2013,9,The Good Wife,5,CBS,"It’s The Good Wife’s fifth season, and everybody’s wondering what’ll happen next for Alicia and Cary’s plan to ditch Lockhart/Gardner and start their own firm. Others are wondering what’ll happen next for Kalinda w/r/t making out with girls — and there’s good news on that front! Juliet Rylance is joining the Season Five cast as Kalinda’s new love interest Holly, “a whip-smart Assistant State’s Attorney who shares a past with Kalinda.” Also of interest to women who love bossy women: Stockard Channing will reprise her role as Alicia’s Mom."
a-gay-girls-guide-to-fall-2013-television-196326,A Gay Girl’s Guide To Fall 2013 Television,2013,,The Masters of Sex,1,Showtime,"It’s the story of a lovely lady who was associated with a very lovely man, and the two of them decided to start doing human sexuality research, and that’s how they became The Masters of Sex! Based on the true story of sex research pioneers William Masters and Virginia Johnson, this show stars Lizzy Caplan as Virginia, “a club singer-turned-orgasm-expert.” History! Sex! Women’s sexuality! Feminism! Our Verdict: Lizzy Caplan, women’s history, and sex research? We’re in."
a-gay-girls-guide-to-fall-2013-television-196326,A Gay Girl’s Guide To Fall 2013 Television,2013,10,The Witches of East End,1,Lifetime,"Based on the books by Melissa de la Cruz (I assumed it was based on The Witches of Eastwick, but I guess I’m behind the times), The Washington Post gives this lady-laden program a “C,” describing it as “it’s almost as if “True Blood” tried to conceive a demon baby with “Bunheads.” Seems about right. Our Verdict: Will almost definitely be terrible."
a-gay-girls-guide-to-fall-2013-television-196326,A Gay Girl’s Guide To Fall 2013 Television,2013,9,Mom,1,CBS,"We’re supposed to be really pumped about this show, because it stars Anna Faris, and Anna Faris is a lady. It also features Alison Janey, and we all love Alison Janey. But every time that laugh track elbows its way into my earspace, I ask myself, “is this show really for me? Or is it for people who aren’t total bitches and therefore can tolerate laugh tracks?” The premise is that Anna Faris’s character, Christy, is a newly-sober single mom of two, and her mother (played by Janey) is a recovering alcoholic, and Christy is dating her boss at the restaurant where she waits tables. Also her teenage daughter is rebellious. The New York Times admits that Mom is both “wittier and sweeter” than the new FOX show Dads (a Seth McFarlane production that follows two Dads who move in with their sons) as well as “genuinely provocative.” Why is this show so much better than Dads? “Moms behaving badly aren’t a new thing, but on a prime time show, it still feels a little transgressive. Men who act like boys, on the other hand, are so familiar that they’re almost retro.” There you have it. Our Verdict: This really could go either way. https://www.youtube.com/watch?v=vlVG3EY35os"
a-gay-girls-guide-to-fall-2013-television-196326,A Gay Girl’s Guide To Fall 2013 Television,2013,9,Hostages,1,CBS,"This show seems expensive. Produced by Jerry Bruckheimer and billed as a “high-octane suspense drama,” it’s on my radar ’cause Toni Collette is involved, playing a “premiere surgeon thrust into a chilling political conspiracy when her family is taken hostage by rogue FBI Agent Duncan Carlisle.” The L.A. Times marks the show as CBS’s bid to do drama like cable does drama, with “dark, character-driven entertainment,” quoting executive producer, writer and director Jeffrey Nachmanoff describing the show as “Downton Abbey meets 24.” Our Verdict: Expect a carefully constructed television program that will grab you whether you want it to or not. Much like a hostage-taker! Hahahahaha."
a-gay-girls-guide-to-fall-2013-television-196326,A Gay Girl’s Guide To Fall 2013 Television,2013,9,Lucky 7,1,ABC,"Seven co-workers at a Queens gas station play the lottery every week and then one day they win and then their lives turn upside-down! If you’ve been missing sweet sweet Vera Burr from Bomb Girls, you’ll be excited to reunite with actress Anastasia Phillips in Lucky 7 — she plays single Mom Leanne Maxwell. The Washington Post says “it’s basically a caper disguised as a drama, and we could use a caper on prime-time TV.” Isiah Witlock Jr. from The Wire also stars. Our Verdict: Initial reviews are relatively strong, and it could be a nice break from the procedurals and high-concept thrillers clogging up most major network’s hour-long drama slots."
a-gay-girls-guide-to-fall-2013-television-196326,A Gay Girl’s Guide To Fall 2013 Television,2013,9,Chicago Fire,1,NBC,"Chicago Fire, a fantastic program about, I assume, fires in Chicago, should be on your to-watch list because there’s a lesbian character named Leslie Shay. Yup. That’s all I got."
a-gay-girls-guide-to-fall-2013-television-196326,A Gay Girl’s Guide To Fall 2013 Television,2013,10,Ravenswood,1,ABC Family,"Caleb, Hannah’s lesbian boyfriend from Pretty Little Liars, heads up the ensemble of this new PLL spin-off, which revolves around “the curse that plagues the town of Ravenswood.” If it’s anything like Rosewood, I imagine that curse is that the victims of said curse learn absolutely nothing from their mistakes and also never go to class.  Also starring is tall drink of water Britne Oldford, who you may recognize from the failed US edition of Skins or the second season of American Horror Story. Our Verdict: Will probably be more of the same, but we’ll give it a chance."
a-gay-girls-guide-to-fall-2013-television-196326,A Gay Girl’s Guide To Fall 2013 Television,2013,9,Marvel’s Agents of S.H.I.E.L.D,1,ABC,"“Leave it to Joss Whedon to co-create a smarter superhero drama, one that geeks out over conventions as often as it skewers them,” says Entertainment Weekly. “Look it’s Ming-Na Wen in tight black leather!”, says us. No but seriously, this Avengers spin-off is definitely one of the fall’s most eagerly-anticipated offerings. Our Verdict: Watch it."
a-gay-girls-guide-to-fall-2013-television-196326,A Gay Girl’s Guide To Fall 2013 Television,2013,9,The Mindy Project,2,Fox,"Season Two of this honestly quite funny little program returns with cast members Anders Holm, Chris Messina and Chloe Sevigny joining guest stars James Franco and um, Kris Humphries? Glenn Howerton of It’s Always Sunny In Philadelphia will be joining the cast as Mindy’s new love interest."
a-gay-girls-guide-to-fall-2013-television-196326,A Gay Girl’s Guide To Fall 2013 Television,2013,10,Super Fun Night,1,ABC,"This show, about three nerdy friends who stay in every Friday night who are inspired to switch it up and venture out into the big bad world when Wilson’s character develops a crush on her co-worker, has been given a coveted time slot after Modern Family. It’s exciting to have a sitcom with a not-svelte lead, and Rebel Wilson automatically wins everything, but Defamer’s not optimistic, lamenting that “ABC network development employees are openly discussing throughout the industry how bad the dailies are coming in” and threatening that the show is most likely to “undo all the love you previously had for Rebel Wilson.” IMPOSSIBLE. Our Verdict: pleasebegood pleasebegood pleasebegood"
a-gay-girls-guide-to-fall-2013-television-196326,A Gay Girl’s Guide To Fall 2013 Television,2013,10,American Horror Story: Coven,3,FX,"The third season of American Horror Story will once again star lesbian actress Sarah Paulson and the legendary Jessica Lange, and executive producer Tim Minear claims that this season will have “very strong feminist themes” and “a big theme of oppressed minorities” as well as “a lighter tone.” Furthermore, he testified that “the fun quotient is higher this year, and we’re embracing a sort of velocity and fun with the series this year. I think it might be a little more welcoming to an audience.” As usual, there will be a lot of time-hops within its with-focused New Orleans setting, this time mainly focused on the 1970’s and the 1830s. Lange will play witch royalty Fiona, Sarah Paulson plays her daughter Cordelia, Angela Bassett has been cast as the New Orleans’ leading Voodoo Queen and Kathy Bates will star as socialite/serial killer Madame Delphine LaLaurie. Coredelia is the headmistress of Miss Robichaux’s Academy for Exceptional Young Ladies, which Entertainment Weekly describes as “like an all-girls Hogwarts…  a safe haven for young witches since 1868.” Gabourey Sidibe, Jamie Brewer, Taissa Farmiga and Emma Roberts are featured as the school’s four remaining students, and Farmiga’s character Zoe apparently can kill people with her vagina! The rest of the cast includes returning actors Frances Conoroy, Evan Peters, Alexandra Breckenridge, Dennis O’Hare and Lily Rabe."
a-gay-girls-guide-to-fall-2013-television-196326,A Gay Girl’s Guide To Fall 2013 Television,2013,9,Modern Family,5,ABC,"This season, Mitch and Cam might stop bickering and being bitchy and manipulative towards each other long enough to get married! Yay! No but really I like this show and am eagerly anticipating its hour-long premiere."
a-gay-girls-guide-to-fall-2013-television-196326,A Gay Girl’s Guide To Fall 2013 Television,2013,9,Glee,5,Fox,"Despite the recent tragic death of young star Cory Monteith, Glee is forging forwards this fall with its fifth season, set to debut September 26th with an epic two-hour Beatles-themed premiere. There’s a lot to be excited about — notably, the introduction of Demi Lovato as a love interest for lesbian heartthrob Santana Lopez — and a lot to fear, now that a show notorious for its clumsy “issue episodes” intends to incorporate Monteith’s death into its story for its October 10th Finn Hudson tribute episode. (Plus you can’t help but wonder how emotionally heart-wrenching filming has been for Lea and Monteith’s other friends in the cast.) Regardless, you’ll definitely want to stock up on kleenex for Rachel Berry’s rendition of “Yesterday” in the premiere."
a-gay-girls-guide-to-fall-2013-television-196326,A Gay Girl’s Guide To Fall 2013 Television,2013,9,Grey’s Anatomy,10,ABC,Which mediocre show you used to love and now don’t really like but still watch because Lesbians will you be watching Thursday nights at 9PM?!
a-gay-girls-guide-to-fall-2013-television-196326,A Gay Girl’s Guide To Fall 2013 Television,2013,9,The Crazy Ones,1,CBS,"I don’t hate this show so far, which stars Buffy the Vampire Slayer as an ad exec at an agency owned by her father, played by the great Robin Williams. Plus, it appears that Kelly Clarkson shows up for at least the first episode. It feels funny and fresh and light-hearted — but the fact that it’s scheduled right before Two and a Half Men worries me considerably. Our verdict: I’d totally watch this if it was on Mondays, but there’s so much good shit happening Thursday nights it’s unlikely this one will be on our to-do list."
a-gay-girls-guide-to-fall-2013-television-196326,A Gay Girl’s Guide To Fall 2013 Television,2013,10,Welcome to the Family,1,NBC,"In this new sitcom, Mike O’Malley (you know him as Burt Hummel) and Mary McCormack (you know her as being fierce and looking hot with a holster) star as Caroline and Dan, the parents of a wild teenage daughter (played by Ella Rae Peck) who just got knocked up by her valedictorian teenage boyfriend, Junior. Caroline and Dan immediately clash with Junior’s Dad Chuey (played by Ricardo Chavira) and Mom Lisette (played by Justina Machado, a.k.a, Rico’s wife from Six Feet Under). The Washington Post has predicted that it will be this season’s “quickest and most punitive cancellation.” The jokes mostly fall flat and are mostly delivered as unnecessarily cruel snark between near-strangers, relying on lazy stereotypes about race relations and teen pregnancy.  Anyhow, the pilot’s already up on Hulu for you to decide for yourself! Our Verdict: No thanks."
a-gay-girls-guide-to-fall-2013-television-196326,A Gay Girl’s Guide To Fall 2013 Television,2013,10,Sean Saves the World,1,NBC,"Stars Sean Hayes as a single gay Dad and the gay guy from Reno 911 as his boss! It seems not bad and also immensely better than The New Normal. Obviously if this show flops, it will be treated as the ultimate evidence that gay doesn’t pay on prime-time television, which’ll be fun for the whole family. Scheduling this sucker opposite Glee seems like a death wish, but then again who still watches Glee. (me) Our Verdict: Will watch it on Hulu the next day while washing dishes, probably.
"
a-gay-girls-guide-to-fall-2013-television-196326,A Gay Girl’s Guide To Fall 2013 Television,2013,10,Scandal,3,ABC,"Creator Shonda Rhimes has said of the premiere, “We’re going to dive into a lot of things at the beginning of Season 3. The first episode, much like all of our other episodes, does that thing where you think the show is going to be about this and then they answer something very quickly and then they move onto something else.” Unfortuantely that’s about all I can tell you, because I’m like five episodes away from finishing up Season Two and cannot risk spoiling myself in the name of writing this description."
a-gay-girls-guide-to-fall-2013-television-196326,A Gay Girl’s Guide To Fall 2013 Television,2013,9,Parks & Recreation,6,NBC,"Season Six’s premiere will see Leslie and her crew taking a trip to London for her to receive a woman-in-government award, where she’ll meet a bunch of ladies who will make her feel shitty about how mean everybody is to her in Pawnee. Orphan Black‘s Tatiana Maslany is set to guest star in two episodes!"
a-gay-girls-guide-to-fall-2013-television-196326,A Gay Girl’s Guide To Fall 2013 Television,2013,10,Killer Women,,ABC,"This show will see the reunion of two very tall Cylons with great bone structure! Yup, that’s right, the actors behind Caprica Six and Samuel Anders are in the ensemble cast of this program, which’s yet to release a premiere date but has concocted this trailer to get your hopes up:"
a-gay-girls-guide-to-fall-2013-television-196326,A Gay Girl’s Guide To Fall 2013 Television,2013,10,Seed,,the CW,"This is the only new show with a lesbian character, as far as I can tell, and it’s not actually even a new show — it’s a Canadian comedy The CW has picked up for the 2013-2014 season. According to The Toronto Star: “The show stars Adam Korson as bachelor bartender and sperm donor who becomes an overnight father and begins relationship with the families of three of his children: a laid-back lesbian couple with a 9-year-old son, an upper-class family with a rebellious teenage daughter and a neurotically hopeful single mother-to-be.” As of yet there are exactly zero hints about when this show will cross the border into our hearts, but in the mean time, any Canadians have an opinion about it?"
april-2021,What’s New and Gay To Stream in April 2021,2021,4,Worn Stories,,Netflix,"Did you know that the clothes you wear are imbued with meaning!?!! Well, they are, and this series talks to ordinary and famous people about the attire that really means something to them. John Waters popped up in the trailer and so did some fun gender stuff so I’m imagining there will be a queer element here. If there isn’t, I will be disappointed in EVERYBODY."
april-2021,What’s New and Gay To Stream in April 2021,2021,4,Madame Claude,,Netflix,"Truly never before in my life have I begun to watch a trailer in hopes of uncovering a mid-reel lesbian kiss only to witness the trailer LEADING WITH A LESBIAN KISS which is just to say, the French film Madame Claude looks fantastic. “I realized early on that men treat us like whores,” narrates the french woman at the center of this film about sex workers. “So I decided to be the queen of the whores.” I approve of this message with my whole heart. The story is based on the true story of Fernande Grudet, a madame of the 60s and 70s who “had a client book that read like the guest list to a royal wedding” and “often contested with a much darker reality.”"
april-2021,What’s New and Gay To Stream in April 2021,2021,4,The Wedding Coach,1,Netflix,"IDK if you know this but weddings are like super stressful and not as much fun as they seem when you just go to them and get wasted with people you kinda knew in college. So it’s good to have a coach, yes, a wedding coach. Even better if your wedding coach enlists help from queer comics like Fortune Feimster and Punkie Johnson! There’s a gay male couple in the cast, but I didn’t notice any lesbian couples."
april-2021,What’s New and Gay To Stream in April 2021,2021,4,Dolly Parton: A MusicCare,,Netflix,Queer musicians Brandi Carlile and Miley Cyrus are amongst the musicians paying tribute to our queen Dolly Parton in this concert!
april-2021,What’s New and Gay To Stream in April 2021,2021,4,My Love: Six Stories of True Love,,Netflix,"This charming little documentary series, inspired by the acclaimed Korean documentary “my love don’t cross that River,” MY LOVE follows a year in the life of six elderly couples in different parts of the world, including a lesbian couple in Brazil."
april-2021,What’s New and Gay To Stream in April 2021,2021,4,The Baker and the Beauty,1,Netflix,"This hourlong romantic comedy-drama was cancelled by ABC after one season. It was centered on the son in a Cuban family who works in his family bakery and then gets involved with an international superstar / fashion mogul who moves his life into the spotlight. His younger sister, Natalie, is queer!"
april-2021,What’s New and Gay To Stream in April 2021,2021,4,The Circle,2,Netflix,"The first season of this reality television show was a true delight and delivered the “bisexual chaos” we desired. Eight strangers are put in a building, each in their own rooms, able to interact with each other only through an in-world social media app called “The Circle.” Every week, a contestant is booted, and often a new contestant arrives. I said at the time that The Circle is a reality game show about working from home, but now it’s sort of a reality game show about…. the last year of our lives? Gonna be a trip!"
april-2021,What’s New and Gay To Stream in April 2021,2021,4,Ride or Die,,Netflix,This rough and dreamy Japanese film follows a lesbian couple in which one of the girls is married to an abusive husband and the other girl kills him so that she can be free and then they are free with nowhere to go! But also it’s complicated!
april-2021,What’s New and Gay To Stream in April 2021,2021,4,Why Are You Like This,1,Netflix,"This Australian comedy series whose creators describe it as “a TV show about our terrible personalities” follows twenty-something roommates Mia, Penny and Austin; three queer friends who develop their “questionable modern day moral codes in confronting the complex social issues of an outrage driven world, leaving a path of destruction in their wake.” Mia is bisexual, south Asian, self-assured and self-serving. Penny is straight, white, very anxious and attempting to be a great ally. Austin is a “self-obsessed baby drag king.”"
april-2021,What’s New and Gay To Stream in April 2021,2021,4,The Color Purple,,Hulu,"Alice Walker’s epistolary novel was de-gayed for this wildly successful Steven Spielberg adaptation starring Danny Glover, Oprah Winfrey, Rae Dawn Chong and Whoopi Goldberg. Goldberg plays Celie, a teenager in rural Georgia with an abusive family who falls for showgirl Shug Avery, her husband’s mistress who Celie nurses back into health."
april-2021,What’s New and Gay To Stream in April 2021,2021,4,Manifest,3,NBC/Hulu,"If you are perchance curious about what happened to the passengers of Flight 828, great news: Season 3 will actually answer this question."
april-2021,What’s New and Gay To Stream in April 2021,2021,4,Hysterical,1,FX/Hulu,"Noting that “the future of comedy is female,” this docuseries takes us “backstage and on the road with veteran comedians, rising stars and novices to discover how an intrepid group of boundary-breaking females are changing the game and exploring what it takes to become the voices of their generation and their gender.” The series includes queer comics like Judy Gold, Jessica Kirson, Fortune Feimster and Margaret Cho. It looks good but also way too white!"
april-2021,What’s New and Gay To Stream in April 2021,2021,4,Rebel,1,ABC/Hulu,"This series, inspired by the life of Erin Brokovitch, stars Katey Sagal as a blue-collar legal advocate without a law degree who fights valiant causes. It feels like there should be queer people involved in some capacity but who knows! There was a casting call for somebody to play Andy Garcia’s son, a trans man, though, so, there is that."
april-2021,What’s New and Gay To Stream in April 2021,2021,4,Home Economics ,1,ABC/Hulu,This comedy revolves around the relationship between three siblings who have accomplished varying levels of financial success: Connor’s in the 1% and lives in Matt Damon’s old house in San Francisco with his wife and kid. Tom is a novelist who’s not doing well! And then there is the reason we are talking about it at all: Sarah is low-income and lives in a teeny-tiny apartment with her wife (played by Sasheer Zamata) and two kids. Hijinks!
april-2021,What’s New and Gay To Stream in April 2021,2021,4,Everything’s Gonna Be Okay ,2,Freeform/Hulu,"Everything’s Gonna Be Okay centers around Nicholas, a 25 year old gay dorky Australian expat, forced to become the guardian to his two younger half-sisters after their father dies. It’s one of a limited number of shows featuring characters on the autism spectrum played by actors on the autism spectrum. In Season Two, the bisexual younger sister will determine that she is in fact heterosexual, but her girlfriend Drea seems to be sticking around the family anyhow?"
april-2021,What’s New and Gay To Stream in April 2021,2021,4,Thelma,,Hulu,"A coming-of-age thriller that follows Thelma, who is finally away from her religious upbringing and adjusting to college and her sexuality. She begins having seizures and visions and perhaps is rocking some potentially telekinetic powers."
april-2021,What’s New and Gay To Stream in April 2021,2021,4,The Handmaid’s Tale,4,Hulu,"FINALLY we are getting the fourth season of The Handmaid’s Tale, which had to shut down shooting on account of the coronavirus last spring. In the trailer, the Resistance is now in full force, June is somewhere near the top of it, Aunt Lydia is VERY unhappy about all this, June’s daughter shows up, that guy June hooked up with is around, so is Josh Lyman, Moira is worried that June will not last another day in Gilead, there is maybe some murder and explosions and IDK I am personally stoked to watch this shit go down."
april-2021,What’s New and Gay To Stream in April 2021,2021,4,Milk,,Amazon Prime,"The Harvey Milk biopic follows the influential leader and the group of activists that came up around him, including Allison Pill as LGBT rights activist Anne Kronenberg."
april-2021,What’s New and Gay To Stream in April 2021,2021,4,Anne+,1,,"This queer as hell Dutch series premiered in 2018 and follows the love life of Anne, a 24-year-old lesbian. If we get Season One in 2021 then maybe by 2023 we’ll get to the season (2) where the characters talk about my L Word podcast. In this initial season, Anne moves into her own place, runs into her ex, and reflects on her past relationships and turbulent love life bringing us to where she is today."
april-2021,What’s New and Gay To Stream in April 2021,2021,4,Couple’s Therapy,1,Showtime/Amazon Prime,The couples who get therapized in this program include a lesbian couple in which one of the women is trans.
april-2021,What’s New and Gay To Stream in April 2021,2021,4,Survivor’s Remorse ,4,Showtime/Amazon Prime,"M-Chuck (Erica Ash) is the lesbian sister of the basketball player who shoots out of poverty into the NBA and brings his family along with him. She’s one of my favorite gay characters ever, and aside from one plot choice I hated, I loved every minute of this show and wish it hadn’t been cancelled!"
april-2021,What’s New and Gay To Stream in April 2021,2021,4,The Color Purple,,HBO Max,"Okay so The Color Purple is the new V is Vendetta where I swear every month it’s coming or going from one of these places. This times, it’s coming here and to Hulu! Where will you watch it?"
april-2021,What’s New and Gay To Stream in April 2021,2021,4,Mare of Easttown ,,HBO Max,"Kate Winslet is Mare, a detective who was good at basketball as a teenager and is now a little rough for wear. Her daughter, played by Angourie Rise, is gay! The series “explores the dark side of a close community and provides an authentic examination of how family and past tragedies can define our present.” Sounds like a familiar formula but you know what I am unsurprisingly here for it."
april-2021,What’s New and Gay To Stream in April 2021,2021,4,A Black Lady Sketch Show,2,HBO,"FINALLY A BLACK LADY SKETCH SHOW IS BACK! All we know so far is that the season (first ep of the season? IDK) will have guest appearances from Issa Rae, Gabrielle Union and Jessie Williams!"
april-2021,What’s New and Gay To Stream in April 2021,2021,4,Rutherford Falls,1,Peacock,"This new sitcom about the lives in a small town in upstate New York and the Native American reservation it borders boasts the largest Indigenous writing staff for an American TV show. The show centers on town namesake Nathan Rutherford (Ed Helms), who is fighting the moving of a historical statue. Lakota Siuox actress Jana Schmieding is Nathan’s best friend who wants to make her town’s cultural center into a museum. Jesse Leigh, a non-binary Chinese-American actor, plays Bobbie Yang, Nathan’s nonbinary teenage executive assistant."
april-2022-whats-new-and-gay-on-netflix-hulu-hbo-max-showtime-and-paramount,What’s New and Gay To Stream in April 2022,2022,4,Elite,5,Netflix,"Season 4 of Elite finally delivered the lesbian storyline we’d been waiting for, so we can’t wait to see what Season 5 has in store for our favorite high school students who live dangerous lives of crime. In the Season 5 trailer, Rebe says to Mencía, “sometimes I feel like we’re not meant to be together, even though we are committed” and then also says “I really love you” and then in another part of the trailer you see Rebe making out with another girl!!! SO GET READY FOR DRAMA"
april-2022-whats-new-and-gay-on-netflix-hulu-hbo-max-showtime-and-paramount,What’s New and Gay To Stream in April 2022,2022,4,Hard Cell,1,Netflix,"A British documentary-style comedy set in a female prison starring Catherine Tate, who plays multiple characters including Laura Willis, the Governor, a former event planner determined to transform the prison and the women under her care. Due to its setting (women’s prison), I am assuming there will be lesbians, otherwise what are we doing here as people really."
april-2022-whats-new-and-gay-on-netflix-hulu-hbo-max-showtime-and-paramount,What’s New and Gay To Stream in April 2022,2022,4,Van Helsing,5,Netflix,"SyFy’s reimagining of Dracula, in which vamps and humans must work together to survive, centers on Vanessa Helsing, the (bisexual) daughter of famed vampire hunter Abraham Van Helsing. This show is apparently gay enough to have upset a large portion of Reddit."
april-2022-whats-new-and-gay-on-netflix-hulu-hbo-max-showtime-and-paramount,What’s New and Gay To Stream in April 2022,2022,4,Russian Doll,2,Netflix,"In Season 2, Nadia and Alan have escaped their original time loop and together as a family we have jumped four years into the future, where the duo find themselves caught up in a different kind of time loop that enables them to “discover a fate even worse than endless death” (idk, life???) through a portal in an iconic Manhattan location. According to Entertainment Weekly, Rebecca Henderson, who played a lesbian character, is returning to the cast and also Schitt’s Creek‘s Annie Murphy is joining it."
april-2022-whats-new-and-gay-on-netflix-hulu-hbo-max-showtime-and-paramount,What’s New and Gay To Stream in April 2022,2022,4,Heartstopper,1,Netflix,"This British LGBTQ+ romantic comedy series focused on young gay introspective overthinker Charlie and his crush, sensitive athlete Nick (Kit Connor), is based on a webcomic/graphic novel by 27-year-old aromantic asexual writer Alice Oseman, who oversaw the production. According to The Guardian, Heartstopper “is as wholesome and uplifting as the headline-grabbing US high-school sensation [Euphoria] is bleak and ridiculously debauched.” Trans TikTok sensation Yasmin Finney plays Elle, one of Charlie’s best friends. Queer couple Tara (Corinna Brown) and Darcy (Kizzy Edgell) are also featured in the story! Everyone is very excited about this one!!!"
april-2022-whats-new-and-gay-on-netflix-hulu-hbo-max-showtime-and-paramount,What’s New and Gay To Stream in April 2022,2022,4,Grace and Frankie,7,Netflix,Netflix’s longest-running series will say goodbye this April with the back half of Season Seven. Unfortunately it seems like Grace and Frankie will never live their true fate as girlfriends.
april-2022-whats-new-and-gay-on-netflix-hulu-hbo-max-showtime-and-paramount,What’s New and Gay To Stream in April 2022,2022,4,The First Lady,,Showtime,"This “revelatory reframing of American leadership through the lens of the First Ladies, delving deep into their personal and political lives” is of particular interest to us here because they are going to actually explore Eleanor Roosevelt’s bisexuality and she will be played by bisexual actress Gillian Anderson! Lily Rabe of American Horror Story fame plays her girlfriend, Lorena Hickok. Lesbian actor Clea Duvall plays Eleanor’s private secretary / personal aide Malvina “Tommy” Thompson with whom Eleanor is also rumored to have been involved. Also Viola Davis stars as Michelle Obama! A BOUNTY OF GIFTS!!!"
april-2022-whats-new-and-gay-on-netflix-hulu-hbo-max-showtime-and-paramount,What’s New and Gay To Stream in April 2022,2022,4,Moonshot,,HBO Max,"This little teen rom-com starring Cole Sprouse and Lana Condor as two friends on a rocket ship to Mars also includes the little lesbian story of Celeste (Sunita Deshpande) and Tabby (Cameron Esposito), a lesbian couple who wanna get engaged on Mars. Also, Tabby runs seminars and Q/A sessions on the ship!"
april-2022-whats-new-and-gay-on-netflix-hulu-hbo-max-showtime-and-paramount,What’s New and Gay To Stream in April 2022,2022,4,A Black Lady Sketch Show,3,HBO Max,"Our eternal beloved, The Black Lady Sketch Show, is back for its third season on April 8th and we are prepared to laugh. We’ll finally find out “who or what was responsible for the end of the world and what the fate of the women will be.” Queer comic/writer/actress Ashley Nicole Black is returning as a series regular and guest stars include noted LGBTQs Raven-Symoné, Wanda Sykes and MJ Rodriguez. Robin Theade promises that “the twists this season are huge. Like you’re never going to see where the sketches are going.”"
april-2022-whats-new-and-gay-on-netflix-hulu-hbo-max-showtime-and-paramount,What’s New and Gay To Stream in April 2022,2022,4,Flight Attendant,2,HBO Max,Our dearest queerest fave Mae Martin will appear on the second season of The Flight Attendant as a flight attendant named Grace St. James. Season 2 finds Cassie Bowden living her best sober life in LA while moonlighting for the CIA and then finding herself entangled in international intrigue after an overseas gig enables her to accidentally witness a murder. Bisexual icon Margaret Cho has also been added to the cast as “Utada.”
april-2022-whats-new-and-gay-on-netflix-hulu-hbo-max-showtime-and-paramount,What’s New and Gay To Stream in April 2022,2022,4,Gentleman Jack,2,HBO Max,"Rest assured you will be receiving breathless, constant updates regarding our SCORCHINGLY HOT ANTICIPATION of Season 2 of Gentleman Jack!!!! A newly married Ann & Anne are setting up their lives as a lesbian power couple in Shibden Hall, but also Anne’s ex is lurking all over the place! Furthermore,  Anne’s entrepreneurial spirit and unconventional romantic life intimidates the locals and with Halifax on the brink of a revolution, her audacious personality becomes a liability."
april-2022-whats-new-and-gay-on-netflix-hulu-hbo-max-showtime-and-paramount,What’s New and Gay To Stream in April 2022,2022,4,Snowpiercer,3,HBO Max,This show has some queer stuff in it and a train goes round and round and the snow comes down and down anyhow look out for Season 3!
april-2022-whats-new-and-gay-on-netflix-hulu-hbo-max-showtime-and-paramount,What’s New and Gay To Stream in April 2022,2022,4,Boys on the Side,,Hulu,"Whoopi Goldberg is Jane, a lesbian musician moving from New York to Los Angeles after breaking up with her girlfriend and her band who joins Robin (Mary Louise Parker) and Holly (Drew Barrymore) on a cross-country road trip that gets messy after the women band together to protect Holly from her abusive boyfriend."
april-2022-whats-new-and-gay-on-netflix-hulu-hbo-max-showtime-and-paramount,What’s New and Gay To Stream in April 2022,2022,4,The Runaways,,Hulu,"Kristen Stewart shines as Joan Jett in this sexually tense biopic about the all-girl rock band that made her famous, following Jett and Cherie Currie (Dakota Fanning), two rebellious teens from SoCal, forming The Runaways and changing the game for women in rock ‘n roll."
april-2022-whats-new-and-gay-on-netflix-hulu-hbo-max-showtime-and-paramount,What’s New and Gay To Stream in April 2022,2022,4,Woke,2,Hulu,"Keef Knight finds himself fully inhabiting an “artivist” spotlight with a higher profile and higher expectations. His lesbian pal Ayana (Sasheer Zamata) is dealing with the decline of the Bay Arean and potential eviction while remaining on hand to guide Keef through new opportunities to make change and/or get exploited. Season 2 will continue to “continues to upend Black nerd and activist culture, deftly satirizing with a wink and a smile.” Woke is a really great show you should watch it!!"
april-2022-whats-new-and-gay-on-netflix-hulu-hbo-max-showtime-and-paramount,What’s New and Gay To Stream in April 2022,2022,4,Crush,,Hulu,"Starring Rowan Blanchard and Auli’i Cravalho, the hotly-anticipated Crush follows an aspiring young artist who is forced to join her high school track team and decides to use the situation as an opportunity to go after the girl she’s crushed on forever — only to find herself falling for an unexpected teammate and discovering REAL LOVE."
april-2022-whats-new-and-gay-on-netflix-hulu-hbo-max-showtime-and-paramount,What’s New and Gay To Stream in April 2022,2022,4,Under the Tuscan Sun,,Amazon Prime,"Recently divorced writer Frances (Diane Lane) buys a villa in Tuscany on a whim hoping for a big change in her life! Famously, Sandra Oh plays her lesbian best friend Patti who is expecting a baby with her partner, Grace (Kate Walsh), and thus gave Frances the Italian vacation ticket that started this whole charade. Later Patti comes to visit! Big Mommi energy."
april-2022-whats-new-and-gay-on-netflix-hulu-hbo-max-showtime-and-paramount,What’s New and Gay To Stream in April 2022,2022,4,The Outlaws,,BBC/Amazon Prime,"Seven strangers who are all very different find themselves together in a Community Payback assignment after committing crimes. They discover a bag full of money and what will they do with it! Amongst them is cocaine addict Lady Gabby, whose angry issues got her into a mess with her ex that got her arrested. You can read LezWatchTV’s review of the series, which debuted on the BBC, for more info!"
april-2022-whats-new-and-gay-on-netflix-hulu-hbo-max-showtime-and-paramount,What’s New and Gay To Stream in April 2022,2022,4,Batwoman,3,the CW/Amazon Prime,"Seven strangers who are all very different find themselves together in a Community Payback assignment after committing crimes. They discover a bag full of money and what will they do with it! Amongst them is cocaine addict Lady Gabby, whose angry issues got her into a mess with her ex that got her arrested. You can read LezWatchTV’s review of the series, which debuted on the BBC, for more info!"
april-2022-whats-new-and-gay-on-netflix-hulu-hbo-max-showtime-and-paramount,What’s New and Gay To Stream in April 2022,2022,4,iCarly,2,Paramount+,"Season Two of this grown-up version of the Nickelodean classic finds Carly Shay navigating work, relationships and family as a 20-something and aiming for even bigger success with her revived webseries. Her best friend / roommate Harper (Laci Mosley) is bisexual!"
april-2022-whats-new-and-gay-on-netflix-hulu-hbo-max-showtime-and-paramount,What’s New and Gay To Stream in April 2022,2022,4,Rugrats,1,,More episodes of the CGI reboot of Rugrats has Natalie Morales voicing Phil and Lil’s openly gay Mom Betty DeVille!
april-2023-whats-new-gay-netflix-prime-video-hulu-hbo-maxetc,April 2023: What’s New and Gay To Stream,2023,4,Beef,1,Netflix,"This series from A24 “follows the aftermath of a road rage incident between two strangers. Danny Cho (Steven Yeun), a failing contractor with a chip on his shoulder, goes head-to-head with Amy Lau (Ali Wong), a self-made entrepreneur with a picturesque life. The increasing stakes of their feud unravel their lives and relationships in this darkly comedic and deeply moving series.” Queer actress Maria Bello plays queer billionaire character Jordan."
april-2023-whats-new-gay-netflix-prime-video-hulu-hbo-maxetc,April 2023: What’s New and Gay To Stream,2023,4,All-American: Homecoming ,2,Netflix,"When Simone Hicks leaves her family and friends behind in Los Angeles, she finds a chosen family at Bringston University in Atlanta. While Simone tries to balance freshman year with collegiate athletics and the realities of life at an HBCU, she leans on Nate — a non-binary, gender non-comforming diva who offers to share her space — and Keisha, a bisexual, aspiring dancer turned med student with commitment issues (natch). (Thanks to Natalie for writing this blurb for me!)"
april-2023-whats-new-gay-netflix-prime-video-hulu-hbo-maxetc,April 2023: What’s New and Gay To Stream,2023,4,Miriam Margolyes: Almost Australian,1,Netflix,"Legendary British lesbian actress Miriam Margolyes has just become an official citizen of Australia, and she has a lot of questions about what this means for her! In this series she will FIND OUT."
april-2023-whats-new-gay-netflix-prime-video-hulu-hbo-maxetc,April 2023: What’s New and Gay To Stream,2023,4,Welcome to Eden,2,Netflix,"This Spanish-language series returns to the rebellion that’d been sparked on Eden. There were a few queer and trans characters in the first season, including trans DJ Mayaka, lesbian Bel and the lead character, Zoa, who’s bisexual."
april-2023-whats-new-gay-netflix-prime-video-hulu-hbo-maxetc,April 2023: What’s New and Gay To Stream,2023,4,Bros,,Prime Video,"This major studio gay rom-com that got so much press about people not going to see it that nobody ended up going to see it is focused on the love story between two white cis gay men, but has “a queer world that is predominantly trans and POC — even if the white cis gay men are the only ones with real characters.”"
april-2023-whats-new-gay-netflix-prime-video-hulu-hbo-maxetc,April 2023: What’s New and Gay To Stream,2023,4,The Marvelous Mrs Maisel:,5,Prime Video,"It’s the final season of one of Prime Video’s flagship properties, promising to give Midge a grand send-off complete with numerous flash-forwards and a final season story that finds her working as a writer for a late-night show while her dapper lesbian manager Susie toils away to improve her career and everybody wears cute period outfits!"
april-2023-whats-new-gay-netflix-prime-video-hulu-hbo-maxetc,April 2023: What’s New and Gay To Stream,2023,4,Dead Ringers,1,Prime Video,"This absolutely bananas gender-swapped re-imagining of David Cronenberg’s psychosexual horror cult classic Dead Ringers (1988) stars Rachel Weisz as twins Elliot and Beverly Mantle, obstetricians who have big ideas for revolutionizing women’s health. Beverly is a lesbian and she begins dating Genevive, an actress on a popular TV show, early in the story, which makes Elliot very mad. Like the original film, the series promises “co-dependent twin doctors at the top of their professions who start to unravel under the weight of their obsession with each other and their career pursuits.” You can also look forward to a lot of blood and realistic depictions of childbirth!"
april-2023-whats-new-gay-netflix-prime-video-hulu-hbo-maxetc,April 2023: What’s New and Gay To Stream,2023,4,Walker: Independence ,1,HBO Max,"This CW Western series is set in the late 1800s and follows an affluent East Coaster whose husband is murdered while they’re journeying out West together. She eventually lands in Independence, Texas, with her new  companion, loveable rogue Hoyt. Queer non-binary actor Katie Findlay plays eccentric burlesque dancer Kate Carver. According to Looper, “with the blessing of producer and showrunner Seamus Fahey, Katie infused their own queerness into Kate, giving us a glimpse at what life was like for the queer community in the 1800s.”"
april-2023-whats-new-gay-netflix-prime-video-hulu-hbo-maxetc,April 2023: What’s New and Gay To Stream,2023,4,Tangerine,,HBO Max,"Shot entirely on an iPhone, this iconic film follows two trans sex workers, Sin-Dee and Alexandra, on Christmas Eve, as just-out-of-jail Sin-Dee tracks down the pimp/boyfriend who’s been cheating on her and Alexandra’s on a journey towards her singing performance that evening."
april-2023-whats-new-gay-netflix-prime-video-hulu-hbo-maxetc,April 2023: What’s New and Gay To Stream,2023,4,The Winchesters,1,HBO Max,"The first season of The CW’s Supernatural spinoff is set in the 1970s, telling the story of how John Winchester and Mary Campbell fell in love and fought monsters together while looking for their missing fathers. The characters include Mary’s friend Carlos Cervantez, who is bisexual and non-binary, and DJ Rockin’ Roxy (Bridget Reagan), who is queer."
april-2023-whats-new-gay-netflix-prime-video-hulu-hbo-maxetc,April 2023: What’s New and Gay To Stream,2023,4,A Black Lady Sketch Show,4,HBO Max,"Our favorite sketch show returns for its 4th season. Sadly, queer writer/performer Ashley Nicole Black isn’t returning for the fourth season because she has so many other hot jobs!  Tamara Jade (The Voice season 19), Angel Laketa Moore (Atypical) and DaMya Gurley will be joining Robin Thede, Sky Townsend and Gabrielle Dennis as featured players."
april-2023-whats-new-gay-netflix-prime-video-hulu-hbo-maxetc,April 2023: What’s New and Gay To Stream,2023,4,#BringBackAlice,1,HBO Max,"A year after her shocking disappearance, popular influencer Alicja Stec is finally found — with no memory of what happened to her. But then it turns out that another teenager disappeared without a trace on the same day as Alicja, and her brother’s certain Alicja is the key to finding her. There’s a brief moment in the trailer where Alicja is kissing a girl, but also I cannot find a trailer in English or subtitles so!"
april-2023-whats-new-gay-netflix-prime-video-hulu-hbo-maxetc,April 2023: What’s New and Gay To Stream,2023,4,Somebody Somewhere,2,HBO Max,"After slowly building a cult following throughout its first season, Bridget Everett’s Somebody Somewhere returns with more of that portrayal of small-town Midwestern queer life for which it has been so very praised. In Season Two, Sam’s working to move beyond her grief, deepening her friendship with Joel, building a new connection to her other sister and working with a new singing teacher."
april-2023-whats-new-gay-netflix-prime-video-hulu-hbo-maxetc,April 2023: What’s New and Gay To Stream,2023,4,Tiny Beautiful Things,0,Hulu,"Kathryn Hahn plays Claire, the advice columnist behind Dear Sugar, in this adaptation of Cheryl Strayed’s bestselling book that finds Claire’s entire life falling apart just as she’s hired to help people work through the pieces of their own. Tanzyn Crawford plays Rae, her biracial queer teenage daughter, described like so: “uncomfortable in her own skin and often emotionally torn between her parents, Rae shows artistic leanings, though she’s an introvert of few words, just starting to develop her own opinions and making sense of who she is in the world.” Also, Desiree Akhavan is amongst the directors on this project that was created and written by queer producer Liz Tigelaar, who also was showrunner for my beloved Little Fires Everywhere."
april-2023-whats-new-gay-netflix-prime-video-hulu-hbo-maxetc,April 2023: What’s New and Gay To Stream,2023,4,Single Drunk Female,2,,"One of the only shows to portray sobriety and recovery in a way that is not actively harmful is back! The protagonist is queer, but appears to be just dating men this season. But her sponsor (played by Rebecca Henderson0 remains a lesbian, and trans actor Jojo Brown plays Mindy, her “delightfully acerbic sobriety sister and manager at the grocery store.”"
april-2023-whats-new-gay-netflix-prime-video-hulu-hbo-maxetc,April 2023: What’s New and Gay To Stream,2023,4,Broad City,5,Paramount+,"The legendary Abbi and Ilana, who are both pretty queer, are landing in their entirety upon Paramount+, which is nice for us, what a treat!"
april-2023-whats-new-gay-netflix-prime-video-hulu-hbo-maxetc,April 2023: What’s New and Gay To Stream,2023,4,Grease: Rise of the Pink Ladies,1,Paramount+,"Set in 1954, four years prior to the official Grease movie timeline, four “fed-up and misfit students band together to bring out the moral panic that will change Rydell High forever and become the founding mothers of the first high school clique known as the Pink Ladies.”  There is definitely some sapphic kissing in the trailer, and non-binary actor Ari Notartomaso plays gender non-conforming character Cynthia who, in the trailer, is seen as one of the T-Birds, one of the Pink Ladies, and also in a scene where she’s about to kiss a girl wearing a gay hat."
april-2023-whats-new-gay-netflix-prime-video-hulu-hbo-maxetc,April 2023: What’s New and Gay To Stream,2023,4,Couple’s Therapy,3,Showtime,"Queen Mother Dr. Orna Guralnik returns for the second half of the third season of Couple’s Therapy, where she’ll be working with four new couples “wrestling with the confines of long-term relationships” and challenging heteronormative structures of what a successful relationship looks like. Amongst them are Nadine and Christine, a couple desperately trying to adjust to one partner’s desire to transition into polyamory."
april-2023-whats-new-gay-netflix-prime-video-hulu-hbo-maxetc,April 2023: What’s New and Gay To Stream,2023,4,Slip,1,Roku,"Mae (Zoe Lister-Jones) feels dull in her relationship, cheats on her partner, and wakes up the next day in an entirely new life where nobody remembers the reality she lived in before. The life-hopping continues, each jump inspired by Mae having an orgasm. And of course, Mae dates a lot throughout this journey into alternate universes — men and women both! Shelli saw Slip at SXSW and said “It’s clever as hell, gets pretty damn queer, and the way she has to “activate” her time travel is hilarious.”"
april-2023-whats-new-gay-netflix-prime-video-hulu-hbo-maxetc,April 2023: What’s New and Gay To Stream,2023,4,The Owl House,3,Disney+,We will say goodbye to this beloved queer-inclusive animated series with this final episode of their three-episode third season. It will follow Luz’s journey to save the boiling isles from the evil Emperor Belos & the unpredictable Collector.
april-2023-whats-new-gay-netflix-prime-video-hulu-hbo-maxetc,April 2023: What’s New and Gay To Stream,2023,4,Matildas: The World At Our Feet,,Disney+,"Football Australia has partnered with Disney+ to make this six-part docuseries about the journey of their national women’s football team, the CommBank Matildas, as they prepare for the FIFA Women’s World Cup 2023. Obviously gay team captain Sam Kerr, recently named the most influential woman in Australian sport, will be central to the docuseries."
april-2024-whats-new-and-gay-streaming,April 2024: What’s New and Gay to Stream,2024,4,Wild Things,,Netflix,This classic thriller arrives on Netflix with the kind of bisexual behavior that we really clung to with all of our mights back then.
april-2024-whats-new-and-gay-streaming,April 2024: What’s New and Gay to Stream,2024,4,Heartbreak High,2,Netflix,"Every now and then a truly inventive and undeniably queer teen television show full of chaotic teens actually succeeds and gets additional seasons and Heartbreak High is one of those shows! Kayla writes that Season 2 of this Australian series is even gayer than the first, and is also “deceptively complex” with “sharp tonal shifts genuinely echo the fraught emotions of teenage experience.”"
april-2024-whats-new-and-gay-streaming,April 2024: What’s New and Gay to Stream,2024,4,Baby Reindeer,0,Netflix,"Nava Mau, an award-winning trans filmmaker and actress who you might recognize from Genera+ion, plays Teri, the love interest of a struggling comedian dealing with a stalker, in this British series. “This still feels groundbreaking to have a trans woman be one of the main characters in a series that feels like it’s written in a respectful and loving and nuanced way,” Nava told Diva Magazine."
april-2024-whats-new-and-gay-streaming,April 2024: What’s New and Gay to Stream,2024,4,Killing Eve,4,Netflix,Our bodies are not ready for this
april-2024-whats-new-and-gay-streaming,April 2024: What’s New and Gay to Stream,2024,4,Black Sails,4,Netflix,This is a show about PIRATES and some of them are GAY!
april-2024-whats-new-and-gay-streaming,April 2024: What’s New and Gay to Stream,2024,4,Ahead of the Curve ,,Netflix,"A documentary about Franco Stevens, who started seminal lesbian publication Curve, a magazine I read religiously while dreaming of one day starting my very own lesbian magazine! Franco is a powerhouse and her story is really compelling, I’m excited for this!"
april-2024-whats-new-and-gay-streaming,April 2024: What’s New and Gay to Stream,2024,4,Fern Brady: Autistic Bikini Queen,,Netflix,"Bisexual autistic comic, podcaster and award-winning memoirist Fern Brady’s comedy show “Autistic Bikini Queen” is coming to Netflix and I think it’s going to be very good."
april-2024-whats-new-and-gay-streaming,April 2024: What’s New and Gay to Stream,2024,4,Blockers,,Hulu,"One of my favorite queer movies of all time, Blockers follows a group of teenage friends who’ve made a pact to lose their virginity on prom night and their overprotective parents, who really hate this idea! It’s so much cuter and funnier than the description suggests."
april-2024-whats-new-and-gay-streaming,April 2024: What’s New and Gay to Stream,2024,4,Boys on the Side,,Hulu,"Whoopi Goldberg is Jane, a lesbian musician moving from New York to Los Angeles after breaking up with her girlfriend and her band who joins Robin (Mary Louise Parker) and Holly (Drew Barrymore) on a cross-country road trip that gets messy after the women band together to protect Holly from her abusive boyfriend."
april-2024-whats-new-and-gay-streaming,April 2024: What’s New and Gay to Stream,2024,4,Under the Bridge ,0,Hulu,"Riley Keough is Rebecca Godfrey, whose book — about the brutal murder of 14-year-old Reena Virk (Vritka Gupta), who left home for a party with the terrible girls she longed to be accepted by and never came home— inspired this series set in 1997 in Victoria, Canada. Lily Gladstone is Cam, a local police officer working the case, which brings both her and Godfrey into the world of the “Bic girls” — allegedly troubled teens sent by their parents to live in a local home for girls. Amongst them is Dusty, played by queer actor Aiyana Goodfellow. Queer producer Quinn Shephard described the project as “three years in the making,” beginning with her working with Godfrey (who passed away in 2022) on adapting the book into a project produced by Shephard, Samir Mehta and Liz Tigelaar (the bisexual showrunner ofLittle Fires Everywhere. I’ve seen the first four episodes and I really loved them for many reasons including Cam and Rebecca being queer and Lily Gladstone in a tight white t-shirt and also because Archie Panjabi plays Reena’s mother."
april-2024-whats-new-and-gay-streaming,April 2024: What’s New and Gay to Stream,2024,4,Mary & George,0,Starz,"This British “x-rated period drama” from Killing Eve writer D.C. Moore is based on a book about the affair between James VI and I and George Villers (Nicholas Galitzine) and stars Julianne Moore as George’s mother, the ruthlessly ambitious Mary Villers, the Countess of Buckingham. Niamh Algar is a brothel-keeper who has an affair with Mary. “Nearly everyone on-screen is a bisexual sex fiend,” writes Drew of the series. “Nearly everyone on-screen would kill blood, boo, or bestie to rise in society.”"
april-2024-whats-new-and-gay-streaming,April 2024: What’s New and Gay to Stream,2024,4,Drive-Away Dolls,,Peacock,"The “raunchy lesbian caper” from Tricia and Ethan Coen landed triumphantly with our community as a “a queer film that isn’t trying to be everything to everyone.” It follows Marian (Geraldine Viswanathan), an uptight lesbian in 1999, and her best friend Jamie (Margaret Qualley), a serial cheater from Texas, who get roped into a caper that sends them in the direction of Florida — Marian to visit some family, Jamie to get away from her abusive cop ex (Beanie Feldstein) — and things take a turn when they discover a mysterious suitcase in their trunk."
april-2024-whats-new-and-gay-streaming,April 2024: What’s New and Gay to Stream,2024,4,Star Trek: Discovery,5,Paramount+,"The final season of this groundbreaking Star Trek franchise series finds its crew in the 32nd century, racing forward on a hotly contested galactic adventure to find a mysterious power hidden for centuries. Non-binary actor Blue del Barrio is returning as genderfluid character Adria Tal and Tig Notaro as Jett Reno is slated to appear in a guesting capacity."
april-2024-whats-new-and-gay-streaming,April 2024: What’s New and Gay to Stream,2024,4,The Challenge: All-Stars,4,Paramount+,"There is a LOT of gay chaos on this star-studded season of The Challenge: All-Stars. The Challenge: Fresh Meat II alum Laurel Stucky will be competing and so will her ex-girlfriend, Nicole Zanatta of Real World: Skeletons. (Who also famously competed on Clone Wars, in which she was given the opportunity to date seven girls who looked like her dream woman, Ciara.) And then we have formative reality television event Rachel Robinson, one of the first out bisexuals we ever saw on teevee when she debuted in the 2002 series Road Rules: Campus Crawl (she was also a special guest at Autostraddle’s 2010 Rodeo Disco). And Rachel’s ex, Vanessa Portillo (Road Rules: Semester at Sea) will also be on this season of The Challenge: All Stars. So."
april-2024-whats-new-and-gay-streaming,April 2024: What’s New and Gay to Stream,2024,4,Loot,2,Apple TV+,"Maya Rudolph returns as Molly Novak, a billionaire fresh out of a high-profile divorce who is determined to give her entire fortune away with the assistance of her foundation director Sofia Salinas (played by Pose‘s Michaela Jaé Rodriguez) and her devoted assistant Nicholas (Joel Kim Booster)."
april-2024-whats-new-and-gay-streaming,April 2024: What’s New and Gay to Stream,2024,4,Girls State,,Apple TV+,"This “political coming-of-age story” asks “what would American democracy look like in the hands of teenage girls?” by bringing together teenage girls from a wide variety of backgrounds from all over Missouri to collaborate on “a stirring re-imagination of what it means to govern.” The documentary follows a small cross-section of the invited participants and amongst them is Maddie Rowan, an openly gay activist who’s been attending protests all her life and is passionate about LGBTQ+ rights. But the girls have a lot to say not just about the country and its politics, but the differences between the Girls State program compared to the Boys State that’s simultaneously underway."
april-2024-whats-new-and-gay-streaming,April 2024: What’s New and Gay to Stream,2024,4,Sugar,1,Apple TV+,"There is no actual real lesbian content in this program about a private eye named John Sugar (Colin Farrel) investigating the disappearance of Olivia Siegel, granddaughter to a legendary Hollywood producer. There’s technically not any lesbian content in this series but Paula Andrea Placido has a small part working with Sugar in what I believe is a surveillance capacity and in my personal opinion, her character is a lesbian. But that’s just my opinion!"
april-2024-whats-new-and-gay-streaming,April 2024: What’s New and Gay to Stream,2024,4,The Big Door Prize,2,Apple TV+,"Heather enjoyed Season One of The Big Door Prize, set in a quirky small town where a magical machine lands and promises to give users a glimpse into their future. It’s centered on Dusty (Chris O’Dowd) and his wife, Cass (Gabrielle Dennis), the latter of whom has a gay Mom, Izzy, played by Crystal Fox. Apparently, Izzy will be “finding romance” this season!"
april-2024-whats-new-and-gay-streaming,April 2024: What’s New and Gay to Stream,2024,4,Beacon 23,2,MGM+,"Despite this sci-fi series featuring Lena Headey in a lead queer role, we have thus far been underwhelmed by the series and its tendency to play into the worst queer tropes. According to Screen Rant, Season Two trailer “hints at a larger conflict on the horizon as the Beacon is attacked by military forces.”"
april-2024-whats-new-and-gay-streaming,April 2024: What’s New and Gay to Stream,2024,4,Black Swan,,HBO Max,Ballet! Homoeroticism! Natalie Portman! Swans! Mila Kunis!
april-2024-whats-new-and-gay-streaming,April 2024: What’s New and Gay to Stream,2024,4,The Watermelon Woman,,HBO Max,"This is Drew’s favorite movie and maybe it could be yours! This genre-bending fictionalized documentary / rom-com follows Cheryl, a version of filmmaker Cheryl Dunye, a film buff working in a video store while pursuing a passion project about an obscure Black lesbian actress of the 1930s pigeonholed into stereotypical “mammy roles” of the era. “When Dunye didn’t see her story, she made it herself,” wrote Drew. “But The Watermelon Woman isn’t just her story on screen — it’s also the searching, the wanting, the necessity of that story.”"
april-2024-whats-new-and-gay-streaming,April 2024: What’s New and Gay to Stream,2024,4,Velma,2,HBO Max,"Heather wrote that “even Velma and Daphne’s queer romance can’t save” this Scooby-Doo prequel, which she described as “a cringy, eye-rolling slog that doesn’t seem to have any idea who its audience is, yet seems to despise them all the same.” But indeed we are getting more Velma!"
april-2024-whats-new-and-gay-streaming,April 2024: What’s New and Gay to Stream,2024,4,We’re Here,4,HBO Max,It’s our fourth turn around the sun with the drag queens who invade a small town and recruit its people into putting on an epic drag performance. This season they’re headed to Tennessee!
april-2024-whats-new-and-gay-streaming,April 2024: What’s New and Gay to Stream,2024,4,Fallout,1,Prime Video,"This Prime Video series based on a beloved video game is the platform’s big push for the month, and I’ve learned from all of you that although there were LGBTQ characters in various iterations of the game, the series is presenting new characters. The Verge writes that Fallout has “such a pitch-perfect tone and its vibes are so postapocalyptically immaculate, that it doesn’t really matter what story the show is trying to tell,” while The Hollywood Reporter said it “captures the fun of simply getting to explore a strange new world, meeting colorful characters and going down mysterious rabbit holes” but “its eight hours take an awfully long time to get where it’s going.” There is a non-binary character, Dane, played by trans actor Xelia Mendes-Jones, who appears in two episodes, but otherwise there’s not much gay there."
april-2025-whats-new-gay-and-streaming-on-netflix-max-hulu-prime-video-paramoount-peacock-and-apple-tv,"April 2025: What’s New, Gay and Streaming on Netflix, Max, Hulu, Prime Video, Paramount+ and Peacock",2025,4,Love on the Spectrum,3,Netflix,"A new queer is joining this dating show about people on the autism spectrum looking for love. Pari wants to “challenge stereotypes” and boasts a range of interests including but not limited to video games, sewing doll dresses, eating gluten-free pasta and trains. She told Tudum, “I feel much more comfortable dating girls and women. It’s a better match for me.”"
april-2025-whats-new-gay-and-streaming-on-netflix-max-hulu-prime-video-paramoount-peacock-and-apple-tv,"April 2025: What’s New, Gay and Streaming on Netflix, Max, Hulu, Prime Video, Paramount+ and Peacock",2025,4,Jurassic World: Chaos Theory,3,Netflix,"So, the Nublar Five will continue facing increasingly dangerous dinosaur threats while meanwhile, Brooklynn, who has rejected them, will be experiencing increased inner turmoil as she grows ever more connected to a criminal web of dinosaur tracking and espionage!"
april-2025-whats-new-gay-and-streaming-on-netflix-max-hulu-prime-video-paramoount-peacock-and-apple-tv,"April 2025: What’s New, Gay and Streaming on Netflix, Max, Hulu, Prime Video, Paramount+ and Peacock",2025,4,Black Mirror,7,Netflix,"Issa Rae stars as A-List movie star Brandy Friday in the Black Mirror episode “Hotel Reverie,” in which she’s sent (in menswear!) into the simulated, immersive world of classic Hollywood romance ‘Hotel Reverie,’ starring 1940s actress Dorothy Chambers (non-binary actor Emma Corrin). Rae told Empire that the episode feels like “a blend of a bunch of my favourites, like ‘San Junipero’ and ‘Striking Vipers’.” Awkawfina also stars. This trailer is extremely gay, everything about it is gay! So!"
april-2025-whats-new-gay-and-streaming-on-netflix-max-hulu-prime-video-paramoount-peacock-and-apple-tv,"April 2025: What’s New, Gay and Streaming on Netflix, Max, Hulu, Prime Video, Paramount+ and Peacock",2025,4,Battle Camp,1,Netflix,"Netflix’s latest entry into the “new show featuring previous personalities from the Netflix Reality Universe” is clearly inspired by MTV’s The Challenge, which pioneered this concept in 1998 with its competition reality show stocked with stars from then-marquee properties The Real World and Road Rules. In Battle Camp, contestants will compete in “Mr Beast-like competition rounds” for a $250,000 prize. Our very own lesbian Lexi Goldberg of The Ultimatum: Queer Love is amongst the competitors. I hope she punches Irina (Love is Blind Season 4) in the face!"
april-2025-whats-new-gay-and-streaming-on-netflix-max-hulu-prime-video-paramoount-peacock-and-apple-tv,"April 2025: What’s New, Gay and Streaming on Netflix, Max, Hulu, Prime Video, Paramount+ and Peacock",2025,4,Black Swan,,Hulu,Ballet! Homoeroticism! Natalie Portman! Swans! Mila Kunis!
april-2025-whats-new-gay-and-streaming-on-netflix-max-hulu-prime-video-paramoount-peacock-and-apple-tv,"April 2025: What’s New, Gay and Streaming on Netflix, Max, Hulu, Prime Video, Paramount+ and Peacock",2025,4,Boys on the Side,,Hulu,"Whoopi Goldberg is Jane, a lesbian musician moving from New York to Los Angeles after breaking up with her girlfriend and her band who joins Robin (Mary Louise Parker) and Holly (Drew Barrymore) on a cross-country road trip that gets messy after the women band together to protect Holly from her abusive boyfriend."
april-2025-whats-new-gay-and-streaming-on-netflix-max-hulu-prime-video-paramoount-peacock-and-apple-tv,"April 2025: What’s New, Gay and Streaming on Netflix, Max, Hulu, Prime Video, Paramount+ and Peacock",2025,4,The Handmaid’s Tale,6,Hulu,"In the final season of The Handmaid’s Tale, one of my favorite television shows of all time honestly, June is drawn back into the fight to take down Gilead, with Luke and (her lesbian best friend) Moira (Samira Wiley) by her side. Meanwhile, Serena will be trying to reform Gilead while Commander Lawrence and Aunt Lydia reckon with the consequences of their actions. We are promised a journey that will highlight the importance of “hope, courage, solidarity and resilience in the pursuit of justice and freedom.” Haha"
april-2025-whats-new-gay-and-streaming-on-netflix-max-hulu-prime-video-paramoount-peacock-and-apple-tv,"April 2025: What’s New, Gay and Streaming on Netflix, Max, Hulu, Prime Video, Paramount+ and Peacock",2025,4,Got To Get Out,1,Hulu,"Ten “outrageous” reality icons and ten regular people described as “crafty gamers” are gathered under one roof with $1 million in prizes up for grabs. Apparently, lies and lunacy will be colliding in an exhilarating manner. Who doesn’t want to be exhilarated?  The cast includes bisexual Bachelor in Paradise personality Demi Burnett, who was one half of the franchise’s first-ever queer couple, as well as bisexual Real Housewife Kim Zolciak-Biermann."
april-2025-whats-new-gay-and-streaming-on-netflix-max-hulu-prime-video-paramoount-peacock-and-apple-tv,"April 2025: What’s New, Gay and Streaming on Netflix, Max, Hulu, Prime Video, Paramount+ and Peacock",2025,4,Jessica Kirson: I’m the Man,,Hulu,The lesbian comic’s “fast paced and sharp tongued hour” will see her sharing her feelings on topics such as visiting a trauma center and “girls on TikTok.”
april-2025-whats-new-gay-and-streaming-on-netflix-max-hulu-prime-video-paramoount-peacock-and-apple-tv,"April 2025: What’s New, Gay and Streaming on Netflix, Max, Hulu, Prime Video, Paramount+ and Peacock",2025,4,Aftersun,,HBO Max,"Drew said this was the best queer film of 2022, describing it as “the rare coming-of-age movie about a queer kid who doesn’t yet understand that queerness."
april-2025-whats-new-gay-and-streaming-on-netflix-max-hulu-prime-video-paramoount-peacock-and-apple-tv,"April 2025: What’s New, Gay and Streaming on Netflix, Max, Hulu, Prime Video, Paramount+ and Peacock",2025,4,Portrait of a Lady on Fire,,HBO Max,"This “staggering work of lesbian gaze” follows a painter, Marianne, looking to separate her own work from that of her father’s, hired to paint a marriage portrait of Héloïse, who has refused to sit for a male artist. Then they look at each other a lot and gay stuff happens. "
april-2025-whats-new-gay-and-streaming-on-netflix-max-hulu-prime-video-paramoount-peacock-and-apple-tv,"April 2025: What’s New, Gay and Streaming on Netflix, Max, Hulu, Prime Video, Paramount+ and Peacock",2025,4,Y2K,,HBO Max,"Two high school seniors crash a New Year’s Eve party in 1999 and that infamous Y2K bug apocalypse actually happens, leading to all kinds of horror in this nostalgia piece that mostly garnered bad reviews. Queer non-binary actor Lachlan Watson plays Ash, a queer stoner who loves Limp Biskit and takes her video camera everywhere."
april-2025-whats-new-gay-and-streaming-on-netflix-max-hulu-prime-video-paramoount-peacock-and-apple-tv,"April 2025: What’s New, Gay and Streaming on Netflix, Max, Hulu, Prime Video, Paramount+ and Peacock",2025,4,Hacks,4,HBO Max,"Lord do I love it when a television program releases its seasons in a timely fashion! After Season 3 defied the odds and won every award we could throw in its direction, Season 4 has arrived and Hannah is working her dream job at Deborah’s dream job (the late night talk show). Pickleball lesbian Helen Hunt is returning and Julianne Nicholson and Michaela Watkins are joining the cast. Also Robbie Hoffman will have a cameo"
april-2025-whats-new-gay-and-streaming-on-netflix-max-hulu-prime-video-paramoount-peacock-and-apple-tv,"April 2025: What’s New, Gay and Streaming on Netflix, Max, Hulu, Prime Video, Paramount+ and Peacock",2025,4,The Last of Us,2,HBO Max,"The seven-episode second season takes place five years after the first season’s events, and finds Ellie and Joel brought into conflict with each other in a world that is somehow even more dangerous and unpredictable than before. Much of the events of the season will be pulling from the game’s second installment, and Kaitlyn Dever, Jeffrey Wright, Young Manzino and Catherine O’Hara are joining the cast — as is Isabela Merced, who is playing fan-favorite character Dina, Ellie’s love interest."
april-2025-whats-new-gay-and-streaming-on-netflix-max-hulu-prime-video-paramoount-peacock-and-apple-tv,"April 2025: What’s New, Gay and Streaming on Netflix, Max, Hulu, Prime Video, Paramount+ and Peacock",2025,4,Babygirl,,HBO Max,"High-powered CEO Romy (Nicole Kidman), who’s never had an orgasm with her husband, begins a very hot affair with her intern Samuel (Harris Dickinson) in Dutch filmmaker Halina Reijn (Bodies Bodies Bodies) acclaimed cinema production.  Romy’s also got a gay daughter, played by Esther McGregor."
april-2025-whats-new-gay-and-streaming-on-netflix-max-hulu-prime-video-paramoount-peacock-and-apple-tv,"April 2025: What’s New, Gay and Streaming on Netflix, Max, Hulu, Prime Video, Paramount+ and Peacock",2025,4,Leverage: Redemption,3,Prime Video,"In this follow-up to the original Leverage (2008 – 2012), reformed criminals — the Hitter, the Hacker, the Grifter and the Thief — have returned, and along with a new tech genius and corporate fixer. Queer actor Aleyse Shannon is lesbian character Breanna Casey, a gifted engineer with hacking and tech skills. This season, “the team pits themselves against a power broker stealing the clean water under people’s feet and turning into dirty money, fight against a Mayor who’s literally the judge and jury of his small town, outrun a mark who’s finally caught up with them mid-con, out-hustle a pool hustler with a side business in international extortion, and bring down an industrialist exploiting child labor.”"
april-2025-whats-new-gay-and-streaming-on-netflix-max-hulu-prime-video-paramoount-peacock-and-apple-tv,"April 2025: What’s New, Gay and Streaming on Netflix, Max, Hulu, Prime Video, Paramount+ and Peacock",2025,4,Wear Whatever The Fuck You Want,3,Prime Video,"Iconic fashion lesbian Stacy London is best known for co-hosting TLC’s What Not To Wear back in the early aughts with Clinton Kelly but now London and Kelly are doing a very different kind of fashion show in which they will be empowering people to forget style rules and embrace their fashion fantasies to discover their style truth. I have personally worn the same two pairs of sweatpants every single day for the past 6 weeks, rotating them out as soon as my baby spits up on them. That’s my style truth and I’m sticking to it."
april-2025-whats-new-gay-and-streaming-on-netflix-max-hulu-prime-video-paramoount-peacock-and-apple-tv,"April 2025: What’s New, Gay and Streaming on Netflix, Max, Hulu, Prime Video, Paramount+ and Peacock",2025,4,The Girl with the Dragon Tattoo,,Paramount+,Hot sad bisexual hacker Lisbeth Salmander (Roony Mara) is enlisted by journalist Mikael Blomkvist (Daniel Craig) to track down a Killer of Women who is responsible for the disappearance of a woman 40 years ago.
april-2025-whats-new-gay-and-streaming-on-netflix-max-hulu-prime-video-paramoount-peacock-and-apple-tv,"April 2025: What’s New, Gay and Streaming on Netflix, Max, Hulu, Prime Video, Paramount+ and Peacock",2025,4,An Evening With Elton John and Brandi Carlile ,,Paramount+,"This very important duo will be doing some of their individual greatest hits, telling stories about their undoubtedly adorable and inspirational friendship and giving a little preview of their new joint album “Who Believes in Angels.” Everybody loves a Brandi Carlile collab."
april-2025-whats-new-gay-and-streaming-on-netflix-max-hulu-prime-video-paramoount-peacock-and-apple-tv,"April 2025: What’s New, Gay and Streaming on Netflix, Max, Hulu, Prime Video, Paramount+ and Peacock",2025,4,Boogie Woogie,,Paramount+,"This very bad “comedy of manners’ about the contemporary London art scene follows dealers, collectors artists and wannabes, including a side plot with Heather Graham playing an ambitious assistant who meets a hottie artist at a club. Also Gillian Anderson and Alan Cumming are in this"
april-2025-whats-new-gay-and-streaming-on-netflix-max-hulu-prime-video-paramoount-peacock-and-apple-tv,"April 2025: What’s New, Gay and Streaming on Netflix, Max, Hulu, Prime Video, Paramount+ and Peacock",2025,4,Certain Women,,Paramount+,"Renowned lesbian auteur Kelly Reichardt tells three stories in this one (1) film, and the gay one finds a rancher (Lily Gladstone) falling for a part-time law professor, played by Kristen Stewart, and attending her education law class every week despite having no interest in law at all. Relatable gay content!"
april-2025-whats-new-gay-and-streaming-on-netflix-max-hulu-prime-video-paramoount-peacock-and-apple-tv,"April 2025: What’s New, Gay and Streaming on Netflix, Max, Hulu, Prime Video, Paramount+ and Peacock",2025,4,Law & Order: Organized Crime,5,Peacock,"Ilene Chaiken is a co-creator of this specific L&O iteration, which sees Stabler playing lead detective in black queer character Sgt. Ayanna Bell’s (Danielle Moné Truitt) Organized Crime Control Bureau. This season they will be tackling “cross-border smuggling, high-tech domestic terrorism and a crime family intent on repaying Stabler for the injury he did them in Rome.”"
april-2026-whats-new-gay-streaming,"April 2026: What’s New, Gay & Streaming on Netflix, Peacock, AMC+, HBO Max, Hulu and More",2026,4,The Valley:,3,Bravo/Peacock,Jasmine Goode and Melissa Marie will be having their lesbian wedding on this season of Bravo’s Vanderpump Rules spin-off.
april-2026-whats-new-gay-streaming,"April 2026: What’s New, Gay & Streaming on Netflix, Peacock, AMC+, HBO Max, Hulu and More",2026,4,Long Time Listener,,AMC All BLK,"This noir-esque suspense thriller centers on Genesis (Megan Holder) a (bisexual!) true crime podcast host who finds herself and her pod targeted by a scary “long time listener” who seems hell-bent on her destruction. Her co-host, Max, is also queer"
april-2026-whats-new-gay-streaming,"April 2026: What’s New, Gay & Streaming on Netflix, Peacock, AMC+, HBO Max, Hulu and More",2026,4,XO Kitty,3,Netflix,"Kitty Song Covey (Anna Cathcart) faces her final year at KISS in Season Three — and the trailer suggests the bulk of her romantic attention will be directed towards Min Ho. But her former crush Yuri (Gia Kim) is returning, as is Yuri’s ex Juliana (Regan Aliyah) and the girl Kitty fumbled her thing with, Praveena (Sasha Bhasin). To All the Boys I’ve Loved Before fans will be delighted to hear that the series’ heroine Lara Jean — Kitty’s sister — will appear in multiple episodes of Season Three."
april-2026-whats-new-gay-streaming,"April 2026: What’s New, Gay & Streaming on Netflix, Peacock, AMC+, HBO Max, Hulu and More",2026,4,The Testaments,1,Hulu,"While Becka’s character was very subtextually queer in Margaret Atwood’s book, a sequel to The Handmaid’s Tale, the show seems to be playing it a little closer to the surface. Set four years after The Handmaid’s Tale, the show is set in a new, slightly reformed Gilead, and focused on Agnes (Chase Infiniti), a pious Gilead native and Daisy (Lucy Halliday), a rebellious newcomer, as they navigate “the gilded halls of Aunt Lydia’s elite preparatory school for future wives,” building a relationship with each other that will threaten everything Gilead holds dear. Becka (Mattea Conforti) is Agnes’ best friend. Queer actor Rowan Blanchard plays Shunamite, a pampered, judgmental friend of Agnes’s"
april-2026-whats-new-gay-streaming,"April 2026: What’s New, Gay & Streaming on Netflix, Peacock, AMC+, HBO Max, Hulu and More",2026,4,Hacks,5,HBO Max,"Hacks‘ writers have had the last scene of the series planned since the jump, and I for one cannot wait to see it, but also am sad about it, because it is such a good show and I don’t want it to be over. Cherry Jones and Leslie Bibb are joining the cast in an arrangement that seems to be “lesbian couple.”"
april-2026-whats-new-gay-streaming,"April 2026: What’s New, Gay & Streaming on Netflix, Peacock, AMC+, HBO Max, Hulu and More",2026,4,Outcome,,Apple TV+,"I’m not sure if she’s playing a trans character, but Laverne Cox is part of the cast of this black comedy following Reef Hawk (Keanu Reeves), a massive movie star looking to rehab his image after making heaps of enemies during his five-year heroin addiction. Cameron Diaz and Matt Bomer play his only remaining friends."
april-2026-whats-new-gay-streaming,"April 2026: What’s New, Gay & Streaming on Netflix, Peacock, AMC+, HBO Max, Hulu and More",2026,4,Christy,,HBO Max,"The streaming premiere of the biopic about America’s best-known 1990’s female boxer, Christy Martin (Sydney Sweeney), a lesbian who’s coach-turned-husband attempted to murder her after years of control and abuse."
april-2026-whats-new-gay-streaming,"April 2026: What’s New, Gay & Streaming on Netflix, Peacock, AMC+, HBO Max, Hulu and More",2026,4,Malcolm in the Middle: Life’s Still Unfair,0,Hulu,"Freddie Muniz returns as Malcolm for this four-part original series follow-up. Malcom is apparently no longer really in the middle — he’s got a girlfriend and a daughter and has gone no-contact with his family, until he’s roped back in for his parents’ 40th anniversary. Nonbinary actor Vaughan Murrae plays Kelly, Hal and Lois’ youngest child, who is nonbinary. (Their existence was teased in the original series finale when Lois discovered she was pregnant again)."
april-2026-whats-new-gay-streaming,"April 2026: What’s New, Gay & Streaming on Netflix, Peacock, AMC+, HBO Max, Hulu and More",2026,4,Euphoria,3,HBO Max,"It’s been a minute since Season 2, and Season 3 is vaulting us five years into the future — where “a group of childhood friends [are] wrestling with the virtue of faith, the possibility of redemption, and the problem of evil.” Rue’s using again and in trouble with the law, Cassie’s engaged to Nate and addicted to social media, Jules is in art school, seemingly doing some sex work, and “very nervous about having a career as a painter and trying to avoid responsibility at all costs.” Maddy and Lexi are both working in Hollywood. New cast members include Sharon Stone, Danielle Deadwyler, Natasha Lyonne, Trisha Payta and Adewale Akinnuoye-Agbaje."
april-2026-whats-new-gay-streaming,"April 2026: What’s New, Gay & Streaming on Netflix, Peacock, AMC+, HBO Max, Hulu and More",2026,4,The Audacity,1,AMC+,"A dark comedy set in the Silicon Valley tech bubble plans to take on “the warped dreams, outsized egos, and ethical lapses of the self-styled inventors of the future.” Nonbinary actor Jess McLeod plays pink-haired Harper and I’m gonna assume based on that name and the actor and the hair color that the character is indeed also nonbinary."
april-2026-whats-new-gay-streaming,"April 2026: What’s New, Gay & Streaming on Netflix, Peacock, AMC+, HBO Max, Hulu and More",2026,4,From ,4,MGM+,"Focusing on the aftermath of town lore-related revelations, Season 4 finds Boyd trying very hard to keep the town together amid some steep odds. While our lesbian Kristi Miller was sidelined for much of Season 3 with a foot injury, we’re hoping to see her out and about with her wife Marielle this year in a season apparently described as “dark, twisted and instantly engaging.”"
august-2021-heres-whats-new-gay-and-streaming-on-netflix-hulu-hbo-max-showtime-and-amazon-prime-video,August 2021: What’s New and Gay To Stream,2021,8,Pray Away,,Netflix,This Ryan Murphy documentary about gay conversion therapy talks to the former leaders and survivors of programs similar to Exodus International that promised to turn gay people into straight people but really just turned them into people who wanted to die.
august-2021-heres-whats-new-gay-and-streaming-on-netflix-hulu-hbo-max-showtime-and-amazon-prime-video,August 2021: What’s New and Gay To Stream,2021,8,Cooking With Paris ,,Netflix,My style icon and singer of legendary dance tune “Stars are Blind” has a cooking show and her guests include non-binary queer musician Demi Lovato!
august-2021-heres-whats-new-gay-and-streaming-on-netflix-hulu-hbo-max-showtime-and-amazon-prime-video,August 2021: What’s New and Gay To Stream,2021,8,Control Z,2,Netflix,"In Season One of this Mexican drama, havoc descended upon the student body at El Colegio Nacional when a hacker started leaking students’ secrets to the entire student body — popular kids got bullied, outcasts became cool, and everyone was under suspicion. Know-it-all recluse Sofia raced against the clock to catch the hacker beofre more secrets went public. Alex was an out lesbian student trying to fit in, and Isabela De La Fuente was a trans woman outed by the hacker. What will happen in Season 2? Nobody on the internet wants to tell me! But the lesbian is back and making out in the trailer, so."
august-2021-heres-whats-new-gay-and-streaming-on-netflix-hulu-hbo-max-showtime-and-amazon-prime-video,August 2021: What’s New and Gay To Stream,2021,8,Alrawbi School For Girls,1,Netflix,"There is nothing to suggest that this show will be gay except that it is about an all-girls school and I understand those locations are notorious for this kind of activity. Even if nobody is gay though, it’s gonna be a great watch — the cast and crew is composed entirely of Arab women and it tells the story of how a bullied girl gets revenge on her bullies, only to learn that no one is all bad and no one is all good including herself!"
august-2021-heres-whats-new-gay-and-streaming-on-netflix-hulu-hbo-max-showtime-and-amazon-prime-video,August 2021: What’s New and Gay To Stream,2021,8,Valeria,2,Netflix,"This Spanish series follows writer Valeria and her three best friends; Carmen, Lola and Nerea. In Season 2, Valeria is seeking inspiration after hitting a dead end with her career and relationship. Nerea is a lesbian who in Season One found herself living with her parents she wasn’t out to while she paid them back for her master’s degree."
august-2021-heres-whats-new-gay-and-streaming-on-netflix-hulu-hbo-max-showtime-and-amazon-prime-video,August 2021: What’s New and Gay To Stream,2021,8,Untold: Caitlyn Jenner,0,Netflix,"This five-part docuseries from the creators of Wild Wild Country “brings fresh eyes to epic tales from the wide world of sports.” The third installment of the Untold documentary series focuses on noteworthy Republican and transphobic trans Olympian Caitlyn Jenner as she recounts major life events like winning a gold medal, raising a family, and her coming out."
august-2021-heres-whats-new-gay-and-streaming-on-netflix-hulu-hbo-max-showtime-and-amazon-prime-video,August 2021: What’s New and Gay To Stream,2021,8,All About E,,Hulu,"E is a sexy DJ who finds a bag of money, goes on the run with her husband of convenience Matt and then flees to her ex-girlfriend’s house in the outback. This Australian film that got mostly bad reviews begs the question: “Can she keep the money, conquer her demons, AND get the girl?”"
august-2021-heres-whats-new-gay-and-streaming-on-netflix-hulu-hbo-max-showtime-and-amazon-prime-video,August 2021: What’s New and Gay To Stream,2021,8,Black Swan,,Hulu,This is a film about swans in the pond who swim around all day long singing songs about swan stuff that we probably couldn’t fully relate to without actually being swans ourselves. Just kidding HAHAHAH it’s about ballet and feathers! There’s a sexual scene with Natalie Portman and Mila Kunis.
august-2021-heres-whats-new-gay-and-streaming-on-netflix-hulu-hbo-max-showtime-and-amazon-prime-video,August 2021: What’s New and Gay To Stream,2021,8,The Girl King,,Hulu,This mediocre queer film “paints a portrait of the extravagant Kristina of Sweden who fights the conservative forces that are against her.” Also she’s gay.
august-2021-heres-whats-new-gay-and-streaming-on-netflix-hulu-hbo-max-showtime-and-amazon-prime-video,August 2021: What’s New and Gay To Stream,2021,8,Liz in September,,Hulu,"After viewing this film starring lesbian actress/model Patricia Velasquez as a terminally-ill lesbian who bonds with a woman who lost her son to cancer, Erin suspected that the film was aggressively recommended to her by Netflix because it knew she had a column where she recapped usually-very-bad lesbian films. But you can decide for yourself!"
august-2021-heres-whats-new-gay-and-streaming-on-netflix-hulu-hbo-max-showtime-and-amazon-prime-video,August 2021: What’s New and Gay To Stream,2021,8,Under the Tuscan Sun,,Hulu,"When Frances Mayes learns her husband is cheating on her, her gay best friend Patti (Sandra Oh) whisks her off to Italy for a wonderful tour where she purchases a rural Tuscan Villa. This is a classic from the Mommi cannon and Sandra Oh is gay, so."
august-2021-heres-whats-new-gay-and-streaming-on-netflix-hulu-hbo-max-showtime-and-amazon-prime-video,August 2021: What’s New and Gay To Stream,2021,8,Princess Cyd,,Hulu,"In her VERY positive review of Princess Cyd, Heather Hogan describes it as “a character study of two women who clumsily and gently brush up against each other and find new happiness because of it. In the process one of them simply realizes she likes girls.” Also, Ro White who writes for Autostraddle is in it!"
august-2021-heres-whats-new-gay-and-streaming-on-netflix-hulu-hbo-max-showtime-and-amazon-prime-video,August 2021: What’s New and Gay To Stream,2021,8,The Party,,Hulu,"This witty modern social satire centers on a party thrown to celebrate Janet (Kristin Scott Thomas), an idealistic politician just announced as the shadow minister for health. Patricia Clarkson is April, Janet’s best friend. Cherry Jones is Martha, a lesbian Women’s Studies Professor who is friends with Janet. Emily Mortimer plays Jinny, Martha’s pregnant girlfriend who is also a chef."
august-2021-heres-whats-new-gay-and-streaming-on-netflix-hulu-hbo-max-showtime-and-amazon-prime-video,August 2021: What’s New and Gay To Stream,2021,8,Reservation Dogs:,1,Hulu,"Taika Waititi and Sterlin Harjo’s new and hotly anticipated half-hour dramedy follows the exploits of four indigenous teenagers in rural Oklahoma dead-set on doing whatever it takes to get out of their hometown and move to California. Every writer, director and series regular on the show is Indigenous. It promises “rappers, catfish, Indigenous superstitions and spirits both hilarious and terrifying, laughter, tears, unexpected grandmothers, decent people, terrible people and a cavalcade of supporting characters who color and shade this already vibrant world.” According to TV Guide, Paulina Alexis’s character Willie Jack is non-binary. Queer actor Devery Jacobs plays Elora Dananan."
august-2021-heres-whats-new-gay-and-streaming-on-netflix-hulu-hbo-max-showtime-and-amazon-prime-video,August 2021: What’s New and Gay To Stream,2021,8,Together Together,,Hulu,"“Nikole Beckwith’s Sundance dramedy Together Together is really two movies,” wrote Drew in her review of the Patti Harrison / Ed Helms / Tig Notaro film Together Together. “There’s the movie most people will see — a story of platonic love between a soon-to-be single father and his loner surrogate. And then there’s the movie I saw — the same premise filtered through an awareness that the woman at its center is one of the most talented trans performers working today.”"
august-2021-heres-whats-new-gay-and-streaming-on-netflix-hulu-hbo-max-showtime-and-amazon-prime-video,August 2021: What’s New and Gay To Stream,2021,8,AWOL,,Hulu,"This romantic drama follows Joey, an aimless young woman in a small town who thinks she’s found a path through an Army recruiting office visit but when she falls for a girl named Rayna, the path diverges."
august-2021-heres-whats-new-gay-and-streaming-on-netflix-hulu-hbo-max-showtime-and-amazon-prime-video,August 2021: What’s New and Gay To Stream,2021,8,Brooklyn Nine-Nine,8,Hulu,"The final season of Brooklyn 99 starring bisexual legend Stephanie Beatriz as bisexual legend Rosa Diaz has offered us this really fantastic preview of what’s to come: “”In this final season of the series, Jake and the squad must try to balance their personal lives and their professional lives over the course of a very difficult year.”"
august-2021-heres-whats-new-gay-and-streaming-on-netflix-hulu-hbo-max-showtime-and-amazon-prime-video,August 2021: What’s New and Gay To Stream,2021,8,Disobedience,,Hulu,"According to Kayla’s review, the Rachels who star in this film best known for its spit play “deliver bruising, dynamic performances as Ronit and Esti respectively, two former friends and lovers from the same tiny bubble of a Jewish orthodox community in the London suburbs.”"
august-2021-heres-whats-new-gay-and-streaming-on-netflix-hulu-hbo-max-showtime-and-amazon-prime-video,August 2021: What’s New and Gay To Stream,2021,8,Modern Love,2,Amazon Prime,Episode 5 of Season 2 of this anthology series based on the New York Times column tells the story of a middle school girl who finds herself having feelings for another girl and turns to social media quizzes for answers.
august-2021-heres-whats-new-gay-and-streaming-on-netflix-hulu-hbo-max-showtime-and-amazon-prime-video,August 2021: What’s New and Gay To Stream,2021,8,Basic Instinct,,HBO Max,"Famous for its truly appalling bisexual stereotypes, Sharon Stone stars as a depraved bisexual murderer in this ’90s thriller."
august-2021-heres-whats-new-gay-and-streaming-on-netflix-hulu-hbo-max-showtime-and-amazon-prime-video,August 2021: What’s New and Gay To Stream,2021,8,Best in Show,,HBO Max,"Christopher Guest’s mockumentary about showdogs presents Jane Lynch as trainer Christy Cummings, a competitive handler working for poodle-owning couple Sherri Ann and Leslie Ward Cabot. But there’s more going on between Sherri and Christy than meets the eye, if you know what I mean and I think you do!"
august-2021-heres-whats-new-gay-and-streaming-on-netflix-hulu-hbo-max-showtime-and-amazon-prime-video,August 2021: What’s New and Gay To Stream,2021,8,Vice,,HBO Max,"Allison Pill plays Dick Cheney’s lesbian daughter Mary Cheney in this HBO biopic about Dick Cheney, which positions him as being the actual man pulling all the strings of the George W Bush administration."
august-2021-heres-whats-new-gay-and-streaming-on-netflix-hulu-hbo-max-showtime-and-amazon-prime-video,August 2021: What’s New and Gay To Stream,2021,8,The Hype,1,HBO Max,"This reality show pits upcoming streetwear designers against each other in front of a panel of judges including A$AP Ferg, Cardi B, Dapper Dan, and Wiz Khalifa"
august-2021-heres-whats-new-gay-and-streaming-on-netflix-hulu-hbo-max-showtime-and-amazon-prime-video,August 2021: What’s New and Gay To Stream,2021,8,Diary of a Future President,2,Disney+,"Elena Cañero-Reed will be starting seventh grade while continuing to dream of her eventual position as President of the United States when Season 2 drops on Disney+ this August. Her Mom, Gabi, has a lesbian paralegal named Camila who is a close friend of hers and the kids."
august-2021-heres-whats-new-gay-and-streaming-on-netflix-hulu-hbo-max-showtime-and-amazon-prime-video,August 2021: What’s New and Gay To Stream,2021,8,The L Word: Generation Q:,2,Showtime Anytime,"Sophie, Dani, Micah, Finley, Bette, Tina, Nat, Alice, Tess, Angie, Jordie and Gigi are back to have crushes and makeouts and business deals and new jobs and fresh drama and extended families and the whole deal. I believe we have spoken of this program at considerable length and will continue to."
august-2021-heres-whats-new-gay-and-streaming-on-netflix-hulu-hbo-max-showtime-and-amazon-prime-video,August 2021: What’s New and Gay To Stream,2021,8,Work in Progress,2,Showtime Anytime,Season Two begins with Abby having determined she’s too busy to kill herself. She’s just starting to get her life together when SURPRISE! A global pandemic and a family emergency arrive to test her delicate equilibrium
august-2022-whats-new-and-gay-and-streaming-on-netflix-amazon-prime-video-netflix-hulu-disney-amc-and-paramount,What’s New and Gay To Stream in August 2022,2022,8,Under the Tuscan Sun,,Amazon Prime Video,"Recently divorced writer Frances (Diane Lane) buys a villa in Tuscany on a whim hoping for a big change in her life! Famously, Sandra Oh plays her lesbian best friend Patti who is expecting a baby with her partner, Grace (Kate Walsh), and thus gave Frances the Italian vacation ticket that started this whole charade. Later Patti comes to visit! Big Mommi energy."
august-2022-whats-new-and-gay-and-streaming-on-netflix-amazon-prime-video-netflix-hulu-disney-amc-and-paramount,What’s New and Gay To Stream in August 2022,2022,8,The Outlaws,2,Amazon Prime Video,Seven lawbreakers unite to pursue the completion of their community payback sentences in this series starring Christopher Walken that involves humorous heists and an influencer who committed her crime during a bad breakup with her girlfriend.
august-2022-whats-new-and-gay-and-streaming-on-netflix-amazon-prime-video-netflix-hulu-disney-amc-and-paramount,What’s New and Gay To Stream in August 2022,2022,8,A League Of Their Own,1,Amazon Prime Video,"I am more excited for y’all to see this show than I’ve been for anything since Orange is the New Black’s first season! I got screeners last month and have already watched the entire season twice. Unlike the iconic 1992 film that managed to make us all into the homosexuals we are today without any explicitly homosexual content, the reboot, which stars Abbi Jacobson, D’Arcy Carden, Chante Adams and Roberta Colindrez; directly explores racism and lesbianism within and outside of the leagues. There are unforgettable queer characters at the epicenter of every scene, plot and story. The only thing wrong with this show is that Amazon Prime Video did not buy advertising on our website to promote it."
august-2022-whats-new-and-gay-and-streaming-on-netflix-amazon-prime-video-netflix-hulu-disney-amc-and-paramount,What’s New and Gay To Stream in August 2022,2022,8,Sandman,1,Netflix,"Non-binary actor Mason Alexander Park plays pansexual gender-fluid entity Desire and Daisy Head plays lesbian character Judy Talbot in this adaptation of the Neil Gaiman series described as “a rich blend of modern myth and dark fantasy in which contemporary fiction, historical drama and legend are seamlessly interwoven.” The entire series has plenty of lesbian and trans characters turn up throughout its full run, and promo photos suggest we’ll be seeing some of them in Season One, including Chantal (Daisy Badger) and Zelda (Cara Horgan)."
august-2022-whats-new-and-gay-and-streaming-on-netflix-amazon-prime-video-netflix-hulu-disney-amc-and-paramount,What’s New and Gay To Stream in August 2022,2022,8,Riverdale,6,Netflix,
august-2022-whats-new-and-gay-and-streaming-on-netflix-amazon-prime-video-netflix-hulu-disney-amc-and-paramount,What’s New and Gay To Stream in August 2022,2022,8,Dope,,Netflix,"Carmen describes Dope, a coming-of-age drug-heist comedy set in Inglewood, as “a complete love letter to nerdy ass black kids and the black communities we grew up in.” And while Kiersey Clemons’ queer character’s queerness isn’t at the center of the story, it doesn’t really matter because the movie is simply so good."
august-2022-whats-new-and-gay-and-streaming-on-netflix-amazon-prime-video-netflix-hulu-disney-amc-and-paramount,What’s New and Gay To Stream in August 2022,2022,8,Never Have I Ever,3,Netflix,"Dev returns to school with a very popular boyfriend and everybody has feelings about it. I personally have feelings about a production still of non-binary actor Terry Hu looking absolutely fantastic in episode 308. What will happen with our lesbian character Fabiola? Good question, and it seems that watching the show is our best avenue to get an answer."
august-2022-whats-new-and-gay-and-streaming-on-netflix-amazon-prime-video-netflix-hulu-disney-amc-and-paramount,What’s New and Gay To Stream in August 2022,2022,8,Echoes,0,Netflix,"Can Karen Robinson, Ali Stroker, Rosanny Zayas and Matt Bomer all come together to be in a television show in which nothing gay happens? Let’s find out in this creepy limited series about twin sisters who’ve shared their life until one of them disappears, throwing their weird little existence into DISARRAY. Even though to be honest films where one person is playing both parts of a set of twins for some reason stress me out."
august-2022-whats-new-and-gay-and-streaming-on-netflix-amazon-prime-video-netflix-hulu-disney-amc-and-paramount,What’s New and Gay To Stream in August 2022,2022,8,Disobedience,,Netflix,"This lesbian romantic drama about the secret relationship between two Orthodox Jewish women, played by Rachel McAdams and Rachel Weisz, is iconic for the spitplay. You know what I mean."
august-2022-whats-new-and-gay-and-streaming-on-netflix-amazon-prime-video-netflix-hulu-disney-amc-and-paramount,What’s New and Gay To Stream in August 2022,2022,8,They/Them ,,Peacock,"The title of this horror film struck fear in everybody’s hearts before anybody even had a chance to watch it, but now it has closed Outfest and is popping up on Peacock. Kevin Bacon and Carrie Preston are a couple running a Christian “gay conversion therapy” camp in a remote area, where a group of LGBTQ+ kids, including characters played by queer and trans actors like Theo Germaine, Quei Tann, Noëlle Cameron, Monique Kim and Destiny Freeman; find themselves facing off with a mysterious killer. “Audiences can expect a frightening, thrilling movie,” writer John Logan told Deadline, “but even more so, it’s a story about queer empowerment and about seven queer kids who are heroes, which is something we don’t see a lot and we really don’t see a lot in the horror genre.”"
august-2022-whats-new-and-gay-and-streaming-on-netflix-amazon-prime-video-netflix-hulu-disney-amc-and-paramount,What’s New and Gay To Stream in August 2022,2022,8,The Undeclared War,1,Peacock,"This British thriller, set in a post-pandemic 2024 in the run-up to a general election, finds a leading team of analysts working to fend off a cyberattack on the country’s electoral system. Saara Parvan (Hannah Khalique), a student working in the malware department, ends up at the center of this escalating data war with Russia and also at the center of a LESBIAN SUBPLOT"
august-2022-whats-new-and-gay-and-streaming-on-netflix-amazon-prime-video-netflix-hulu-disney-amc-and-paramount,What’s New and Gay To Stream in August 2022,2022,8,Black Swan,,Hulu,"This is an important film about a mother who yells at her tiny daughter Natalie Portman who grows wings maybe out of her shoulder-blades and has to turn around again and again and be a better ballerina, and at some point something sexual happens with MIla Kunis."
august-2022-whats-new-and-gay-and-streaming-on-netflix-amazon-prime-video-netflix-hulu-disney-amc-and-paramount,What’s New and Gay To Stream in August 2022,2022,8,Reservation Dogs,2,Hulu,"When Season One of this series created by an incredible team of Indigenous people including lots of queer people ended, Jackie (queer actor Elva Guerra) and Elora (queer activist Devery Jacobs) ended up heading out to California on their own, leaving Willie Jack, Cheese and Bear behind on the reservation, and it picks up with the crew separated on these divergent paths. Devery Jacobs joined the writing team this season and told Entertainment Weekly that she sees “an inherent queerness in Reservation Dogs that she’s noticed the LGBTQ community picking up on.” TBD if anything explicitly queer will happen, but Willie Jack being asked if she has a boyfriend or a girlfriend in the trailer is promising."
august-2022-whats-new-and-gay-and-streaming-on-netflix-amazon-prime-video-netflix-hulu-disney-amc-and-paramount,What’s New and Gay To Stream in August 2022,2022,8,Hotties,1,Hulu,"This dating competition drops a bunch of hot singles on blind dates in food trucks? In the middle of the desert? While Jade Catta-Preta watches them on an iPad from a trailer and makes comments? And then the couples battle to cook up “date night worthy dishes” while also being subjected to “extreme spicy food challenges.” Some of these couples will indeed be queer, I saw it with my own eyes in the trailer. I just want to say, I would have loved to be a fly on the wall of this pitch meeting."
august-2022-whats-new-and-gay-and-streaming-on-netflix-amazon-prime-video-netflix-hulu-disney-amc-and-paramount,What’s New and Gay To Stream in August 2022,2022,8,Disobedience,,Hulu,"Netflix gets Disobedience, Hulu gets Disobedience, we all get Disobedience!"
august-2022-whats-new-and-gay-and-streaming-on-netflix-amazon-prime-video-netflix-hulu-disney-amc-and-paramount,What’s New and Gay To Stream in August 2022,2022,8,Star Trek Lower Decks,3,Paramount+,"This animated comedy follows the characters aboard the least important ship in the galaxy, with a special focus on “lower-deckers.” Amongst these characters are Beckett Mariner (Tawny Newsome), a pansexual rebel who serves as Ensign on the Cerritos and gets romantically involved with her former frenemy Jen Sh’reyan (Lauren Lapkus). Heather wrote of the show: “It’s smart, but most importantly: it’s hilarious.”"
august-2022-whats-new-and-gay-and-streaming-on-netflix-amazon-prime-video-netflix-hulu-disney-amc-and-paramount,What’s New and Gay To Stream in August 2022,2022,8,See,3,Apple TV+,"See is set in a post-apocalyptic dystopia in a distant future where, after a virus wiped out almost the entire population several centuries ago, those remaining alive lost their sense of sight. But then!!! A tribe believes that two of its children have the mythical power to see! Now we are at Season Three, and I know the exact same amount of information about this program as I did in Season One (nothing). There are two queer characters: Haniwa (Nesta Cooper) and Wren (Eden Epstein)."
august-2022-whats-new-and-gay-and-streaming-on-netflix-amazon-prime-video-netflix-hulu-disney-amc-and-paramount,What’s New and Gay To Stream in August 2022,2022,8,Lightyear,,Disney+,"In Toy Story, Andy gets a toy, Buzz Lightyear, from his favorite movie. Lightyear is that movie, and there sure is a queer family in it! “It’s so refreshing to feel energized by queer representation in mainstream animation, particularly Disney and Pixar,” wrote Em in her review. “Instead of writing a critique or piece about only seeing a few seconds of one couple in passing, I’m able to write about an entire universe of people loving and looking up to people like me.”"
august-2022-whats-new-and-gay-and-streaming-on-netflix-amazon-prime-video-netflix-hulu-disney-amc-and-paramount,What’s New and Gay To Stream in August 2022,2022,8,Kevin Can F**ck Himself,2,AMC+,"Heather described season one of Kevin Can F**ck Himself like this: “What if Thelma and Louise fell in big canonical bisexual love while engaging in a misandrist bender with all roads leading to a murdered husband? Now you have my full and undivided attention!” In its second and final season, the gals need a new plan now that the original plan to murder"
august-2022-whats-new-and-gay-and-streaming-on-netflix-amazon-prime-video-netflix-hulu-disney-amc-and-paramount,What’s New and Gay To Stream in August 2022,2022,8,Industry,2,HBO Max,"This show about the dramatic finance world as seen through the eyes of newcomer Harper (Myha’la Herrold) had like one minute of a predatory lesbian in its first season, and now it returns with a trailer that really seems to present a highly homoerotic situation between Yasmin (Marisa Abela) and her new mentor, Celeste Pacquet (Katrine de Candole). How will this pan out? I likely will find the answer to this question eventually and then either delete or reinforce this blurb."
august-2023-new-gay-streaming,August 2023: What’s New and Gay To Stream,2023,8,Heartstopper,2,Netflix,"One of my favorite shows of 2023 for how deeply it warmed and delighted my heart (and inspired me to read all the books from the series!) is back for Season Two, in which events will likely involve eating ice cream and definitely will involve going to prom and taking a class trip to Paris. Nick will struggling to figure out how to come out and make his love with Charlie public and Ellie’s making new gal pals at Truman’s sister school, including our favorite lesbian couple Tara and Darcy. Early reviews have declared it “still euphoric and blissfully queer” and “TV’s sweetest teen romance.”"
august-2023-new-gay-streaming,August 2023: What’s New and Gay To Stream,2023,8,The Big Nailed It Baking Challenge,,Netflix,Bisexual comic Nicole Beyer hosts a high-stakes “Nailed It!” spinoff where ten really bad bakers employ instruction from really amazing bakers in the race to win a sweet cash prize.
august-2023-new-gay-streaming,August 2023: What’s New and Gay To Stream,2023,8,Ladies First: A Story of Women in Hip-Hop ,0,Netflix,"This limited documentary series promises to “re-contextualize the irrepressible women of hip hop and their role in the genre’s 50 years by reinserting them into the canon where they belong: at the center, from day one to present day.” Iconic emcees include our very own Queen Latifah, Chika and Da Brat."
august-2023-new-gay-streaming,August 2023: What’s New and Gay To Stream,2023,8,Depp v Heard:,0,Netflix,"I  am so extremely very nervous for how this story is going to be told and also that it is being told so soon after the trial concluded. But um, bisexual actress Amber Heard faces Johnny Depp in a court of law."
august-2023-new-gay-streaming,August 2023: What’s New and Gay To Stream,2023,8,"Red, White & Royal Blue",,Prime Video,"Continuing my “gay boy love story” summer is the much-anticipated adaptation of Casey McQuiston’s delightful Red, White & Royal Blue, a romance between the son of the first woman president of the U.S, Alex Claremont-Diaz, and Britain’s Prince Henry. Rachel Hilson plays Nora Halleran, the 22-year-old granddaughter of the Vice President who is best friends (and exes) with Alex. Furthermore she is bisexual and Jewish!"
august-2023-new-gay-streaming,August 2023: What’s New and Gay To Stream,2023,8,Harlan Coben’s Shelter,1,Prime Video,"I do not know who this man (Harlan Coben) is, but every time one of his books is adapted into a television series I find myself GLUED TO THE SCREEN. In Shelter, we find teenager Mickey Boltar having recently lost his father in a tragic car accident and therefore made to move in with his (queer, it turns out!) aunt Shira (Constance Zimmer) in suburban New Jersey. He quickly finds himself at the center of a mystery surrounding another new student at his school vanishing. Mickey quickly becomes friends with (also queer!) school outcast Ema, played by queer actor Abby Corrigan."
august-2023-new-gay-streaming,August 2023: What’s New and Gay To Stream,2023,8,D.E.B.S.,,Hulu,Angela Robinson’s campy lesbian action comedy has delighted our people for years with its homoerotic group of lady spies in skirts and ties.
august-2023-new-gay-streaming,August 2023: What’s New and Gay To Stream,2023,8,Breeders,4,Hulu,"This British dark comedy’s last season follows two parents who struggle with parenthood in a way that is funny enough for the AV Club to declare its final chapter “smart, wistful and funny as ever.” In the trailer we witness their now-teenage daughter Ava, played by Zoë Athena, experiencing her own “bombshell moment” when she meets and immediately develops a deep crush on charismatic hairdresser Holly (Jessie Williams)."
august-2023-new-gay-streaming,August 2023: What’s New and Gay To Stream,2023,8,Reservation Dogs,3,Hulu,Season Three of Reservation Dogs picks up with the group returning to Oklahoma after their unfortunate series of events in Los Angeles. Queer Kahnawà:ke Mohawk actress Devery Jacobs stars as teenager Elora Dana and queer two-spirit actor Elva Guerra plays Jackie in this critically beloved show with an all-Native and very queer writer’s room and crew.
august-2023-new-gay-streaming,August 2023: What’s New and Gay To Stream,2023,8,Only Murders in the Building,3,Hulu,"It’s unclear if our bisexual queen Mabel (Selena Gomez) will date a woman again this season (as she did last season with Cara Delevingne’s Alice), but she will continue to be on the series as the gang investigates another murder and also Meryl Streep and Ashley Park are joining the cast. We can also expect to see more of lesbian Detective Williams."
august-2023-new-gay-streaming,August 2023: What’s New and Gay To Stream,2023,8,How to Blow Up a Pipeline,,Hulu,"Sasha Lane is Theo, a woman dying from a rare cancer caused by pollution and Jayme Lawson is her girlfriend, Alisha, a skeptical do-gooder, in this film Drew described as “a radical masterpiece” that transposes a “critique of non-violence in climate activism” “into the entertainment of a heist movie and the pathos of a character study.”"
august-2023-new-gay-streaming,August 2023: What’s New and Gay To Stream,2023,8,The Chi,6,Paramount+/Showtime,"In Season Six, “big dreams are finally realized but at a cost and everyone will be tested in unimaginable ways as they calculate the risks and rewards of their next big move.” Tyla Abercrumbie will be returning as lesbian character Nina and Miriam A. Hyman as her wife Dre."
august-2023-new-gay-streaming,August 2023: What’s New and Gay To Stream,2023,8,Billions,7,Paramount+/Showtime,"The final season of this show about terrible rich people will continue to feature Asia Kate Dillon as non-binary character Taylor. This is the longline:“In season seven, alliances are turned on their heads. Old wounds are weaponized. Loyalties are tested. Betrayal takes on epic proportions. Enemies become wary friends. And Bobby Axelrod returns, as the stakes grow from Wall Street to the world.”"
august-2023-new-gay-streaming,August 2023: What’s New and Gay To Stream,2023,8,Rap Sh!t:,2,Max,"Update: The premiere of the second season of Rap Sh!t has been delayed due to the Writer’s Strike. Bisexual actor Jonica Booth plays Chastity, a stud and the self-proclaimed “Duke of Miami” who, in Season One, begins managing a rap group formed by her estranged high school friends. In Season Two, “the girls are on tour, tensions are high, and they’re quickly realizing how much they’re willing to sacrifice for success.”"
august-2023-new-gay-streaming,August 2023: What’s New and Gay To Stream,2023,8,High School Musical: The Series ,4,Disney+,"Fans of this franchise I still know nearly nothing about were thrilled last year when Ashlyn, played by pansexual actress Julia Lester, realized she also liked girls in Season Three. In Season Four, plans for their stage production of High School Musical 3: Senior Year is interrupted when the Principal announces that Disney’s making “High School Musical 4: The Reunion” movie on location at East High. I am confident that all of this makes perfect sense to somebody!"
august-2023-new-gay-streaming,August 2023: What’s New and Gay To Stream,2023,8,Invasion,2,Apple TV,"The second season of Invasion promises to be “a bigger, more intense season that drops our viewers into a wide-scale, global battle from the start,” which saw its characters cope with the results of an alien invasion. It also has a lesbian lead character, Mitsuki Yamato, played by Shioli Kitsuna!"
august-2025-new-gay-streaming,"August 2025: What’s New, Gay and Streaming on Netflix, Prime Video, HBO Max and Apple TV",2025,8,Love Life,2,Netflix,"Love Life was one of many queer-inclusive shows unceremoniously de-platformed by HBO Max but great news, Netflix has picked it up! The first season stars Anna Kendrick as Darby, whose (heterosexual) love life is chronicled across the years, and her roommate Mallory is a lesbian so we see some of hers, too. Season 2 focuses on Marcus Watkins, whose lesbian sister, Ida, is played by SNL alum Punkie Johnson."
august-2025-new-gay-streaming,"August 2025: What’s New, Gay and Streaming on Netflix, Prime Video, HBO Max and Apple TV",2025,8,Wednesday,2,,"The first season of Wednesday had queers intensely engaged although the assorted sapphic situations remained subtextual — that appears to be the plan for Season Two as well but it seemed worth mentioning because I can’t always really tell entirely what the deal is with this show and why some people consider it queer even though it is not. We do love Jenna Ortega around here, though!"
august-2025-new-gay-streaming,"August 2025: What’s New, Gay and Streaming on Netflix, Prime Video, HBO Max and Apple TV",2025,8,Marry Me,,,"Marry Me is a very bad rom-com starring Jennifer Lopez as a superstar who has an affair with a normie (math teacher Charlie played by Owen Wilson) but more importantly, Charlie has only two friends: a gay choir teacher and a lesbian guidance counselor. The latter was in my opinion the unsung heroine of the film."
august-2025-new-gay-streaming,"August 2025: What’s New, Gay and Streaming on Netflix, Prime Video, HBO Max and Apple TV",2025,8,Long Story Short ,1,,"The new lightly autobiographical animated comedy from the creator of BoJack Horseman follows the “small t traumas” of a Jewish family from childhood to adulthood and back again, exploring the relatable concept of: “How we communicate love is by making jokes. How we communicate anxiety is by making jokes. How we communicate love is by communicating anxiety.” Abbi Jacobson is the lesbian daughter! As an adult her partner is voiced by Nicole Byer. So that’s very nice I think"
august-2025-new-gay-streaming,"August 2025: What’s New, Gay and Streaming on Netflix, Prime Video, HBO Max and Apple TV",2025,8,Taurasi,0,Prime Video,"This three-part docuseries will explore the life and times of the one and only lesbian WNBA legend Diana Taurasi. The series’ director notes that,” Diana’s greatness isn’t just in her game, but in her grit, wit, and refusal to fit the mold. From Argentina to UConn, six Olympics, to Phoenix, to post-Soviet Russia, she chased excellence — and respect — on her own terms. Taurasi is a cinematic portrait of an icon who never asked to be discovered — only understood.”"
august-2025-new-gay-streaming,"August 2025: What’s New, Gay and Streaming on Netflix, Prime Video, HBO Max and Apple TV",2025,8,Upload,4,,"Season Three of this show about a digital afterlife introduced a romance between handler/angel Aleesha (tasked with the care and keeping of Nathan’s co-worker Luke) and Karina (a new Horizon executive boss lady). Shit gets super serious in Season Four, a four-part finale to the entire series — AI “rapidly turns evil, threatening to wipe out Lakeview (and the world!). Zaina B Johnson, who plays Aleesha, has promised her character will be “kicking ass” in this finale."
august-2025-new-gay-streaming,"August 2025: What’s New, Gay and Streaming on Netflix, Prime Video, HBO Max and Apple TV",2025,8,Women Wearing Shoulder Pads ,1,HBO Max,"This new Spanish-language stop-motion comedy from Adult Swim looks completely unhinged! The all-woman cast explores the intersection of money and media in 1980s Quito, Ecuador, centered on Marioneta, a rich Spaniard who develops a network of other weird, ambitious women who want to be at the center of it all. It appears also that they kiss each other."
august-2025-new-gay-streaming,"August 2025: What’s New, Gay and Streaming on Netflix, Prime Video, HBO Max and Apple TV",2025,8,Peacemaker,2,,"The first season of Peacemaker debuted in 2022! That was so long ago! Well, now that gang of misfits is finally returning to the television — including Danielle Brooks as queer character Leota Adebayo — in a season that will connect the series to the new DC universe."
august-2025-new-gay-streaming,"August 2025: What’s New, Gay and Streaming on Netflix, Prime Video, HBO Max and Apple TV",2025,8,Invasion,3,Apple TV+,"Somehow one of two TV shows to send an astronaut into space who is having a secret lesbian affair with someone on the ground team for her mission (not to mention the novel Atmosphere), Invasion‘s first season followed five people on different sides of the world gradually coming to grips with and experiencing the impact of what turns out to be an alien invasion. Queer scientist Mitsuki (Shiori Kutsuna) is a captivating and complex character that makes the whole thing worth watching — and luckily she did not die at the end of Season Two, she is alive and well and living in isolation and will be enduring new challenges and catastrophes as the world spins madly on"
autostraddles-2014-fall-tv-preview-queers-and-women-of-color-all-over-your-teevee-254683,Autostraddle’s 2014 Fall TV Preview: Queers and Women of Color All Over Your Teevee,2014,9,Gotham,1,Fox,"This series tells the story of Batman before he became Batman and was just a wee little thing in the world surrounded by villains before they become villains. It’s also shaping up to be a very diverse enterprise — as reported by The Advocate, “in this reimagining, women of color are depicted in positions of power on both sides of the law, and strong LGBT characters are an essential part of the story from the first episode.” Latina lesbian detective Renee Motoya will be played by Victoria Cartagena and we have it on good authority that Jada Pinkett Smith’s character, mob boss Fish Mooney, won’t be “entirely straight” either."
autostraddles-2014-fall-tv-preview-queers-and-women-of-color-all-over-your-teevee-254683,Autostraddle’s 2014 Fall TV Preview: Queers and Women of Color All Over Your Teevee,2014,9,Sleepy Holllow,2,Fox,"By Rachel: “Although not explicitly gay, Sleepy Hollow has won my heart via having a variety of PoC actors in starring roles (Nicole Beharie, Orlando Jones, Lyndie Greenwood, John Cho), fairly scary monsters, little-to-no boring hetero romance subplots, and I have not had to see Tom Mison naked, nor watch anyone have sex with him. Although last season ended on a fairly dark note, even for a show about the Four Horsemen of the Apocalypse bringing about the end times, next season promises that our favorite characters will be at the very least alive and that the Mills sisters will continue to look dreamy while carrying lots of guns and Ichabod will bring even more wacky anachronisms into our lives.”"
autostraddles-2014-fall-tv-preview-queers-and-women-of-color-all-over-your-teevee-254683,Autostraddle’s 2014 Fall TV Preview: Queers and Women of Color All Over Your Teevee,2014,10,Jane the Virgin,1,the CW,"Based on Venezuelan telenovela Juana la Virgen, this show stars Gina Rodriguez as a straight-laced virgin who is accidentally inseminated by an exhausted ob-gyn who was supposed to give her a pap smear. It’s a wacky and undoubtedly heterosexual premise but considering that Hispanic and Latin@ folks are the most under-represented racial group on television relative to their representation in the actual US population, I’m down to give this show a chance. Plus, Diane Guerrero (Maritza on Orange is the New Black) and trans actress Carmen Carrera will both make appearances in Season One! Entertainment Weekly notes that “to nail the cultural references, Urman hired two Hispanic writers, including tele-novela veteran Carolina Rivera. Rodriguez, 30, gives notes too.” It’s a sad day in the world when a show about Hispanic people gets a pat on the back for hiring actual Hispanic writers but um, baby steps?"
autostraddles-2014-fall-tv-preview-queers-and-women-of-color-all-over-your-teevee-254683,Autostraddle’s 2014 Fall TV Preview: Queers and Women of Color All Over Your Teevee,2014,9,Faking It,2,MTV,"You’ve probably already got some strong feelings about this show, negative or positive. I personally feel very hopeful! This season has a lot of promise — in addition to Amy boldly braving the murky waters of lesbian dating, Lauren will [SPOILER ALERT] come out as intersex, making her (I believe) the first intersex character since that one girl on Freaks and Geeks. I also look forward to meeting Amy’s eventual love interest Reagan, a “hip, edgy lesbian with a rebellious streak,” and Laverne Cox‘s Margot, “director of Hester High’s elite drama club.” For more about Season Two, check out our post here."
autostraddles-2014-fall-tv-preview-queers-and-women-of-color-all-over-your-teevee-254683,Autostraddle’s 2014 Fall TV Preview: Queers and Women of Color All Over Your Teevee,2014,10,American Horror Story: Freakshow,4,FX,"If you’re a fan of gay lady Sarah Paulson, how do you feel about two Sarah Paulsons at one time? You’ll find out this fall on American Horror Story, when Sarah Paulson will be playing conjoined twins. Kathy Bates returns to the franchise as the bearded lady, Angela Bassett will have three breasts, Jessica Lange will be a former German cabaret star and Evan Peters will be Lobster Boy. Also, Pepper from Asylum is returning to tell the tale of who Pepper was before Asylum. Undoubtedly, showrunner Ryan Murphy will find a way to offend people repeatedly during this season but you’ll have to tune in to find out how! (Sidenote: two longreads I’ve enjoyed recently about the “freak show” business: I Was a Teenage Freak and Behold! The Heartbreaking, Hair-Raising Tale Of Freak Show Star Julia Pastrana, Mexico’s Monkey Woman.)"
autostraddles-2014-fall-tv-preview-queers-and-women-of-color-all-over-your-teevee-254683,Autostraddle’s 2014 Fall TV Preview: Queers and Women of Color All Over Your Teevee,2014,9,Red Band Society,1,Fox,"Andrea Parker will be playing a lesbian mom on “Red Band Society,” a new drama that also features GLAAD spokesperson Wilson Cruz, best beloved for his role as Ricky Vasquez on My So-Called Life, and takes place in the pediatric wing of a hospital. Executive Producer Margaret Nagle was tapped by Fox and Steven Spielberg’s Amblin Entertinment to develop the show, based on the Spanish drama Polseres Vermelles. It’s narrated by a boy in a coma and features a rag-tag band of teenagers who basically live in the hospital due to various circumstances such as cancer and anorexia. Octavia Spencer plays Nurse Jackson, who supervises the wing with a dude played by a dude."
autostraddles-2014-fall-tv-preview-queers-and-women-of-color-all-over-your-teevee-254683,Autostraddle’s 2014 Fall TV Preview: Queers and Women of Color All Over Your Teevee,2014,9,Black-ish,1,ABC,"This sitcom got a lot of buzz during upfronts! Of the initial trailer, Brittani wrote, “I am in. I am all in. I do not care about the think pieces to come. I do not care about the policing white people will do. I do not care about the microscope this show will be put under. Sign me the fuck up.” SO THERE YOU GO."
autostraddles-2014-fall-tv-preview-queers-and-women-of-color-all-over-your-teevee-254683,Autostraddle’s 2014 Fall TV Preview: Queers and Women of Color All Over Your Teevee,2014,9,Grey’s Anatomy,10,ABC,"In the season premiere, lesbian couple Callie and Arizona will “come to a decision about surrogacy.” Probably mostly we’ll be listening to Meredith Grey complain about shit though. Just a guess."
autostraddles-2014-fall-tv-preview-queers-and-women-of-color-all-over-your-teevee-254683,Autostraddle’s 2014 Fall TV Preview: Queers and Women of Color All Over Your Teevee,2014,9,Scandal,4,ABC,"You were gonna watch Scandal anyhow because everybody watches Scandal and everybody has a crush on Kerry Washington, but you’ll REALLY wanna watch Scandal this season ’cause Portia De Rossi has been confirmed for a multi-episode arc."
autostraddles-2014-fall-tv-preview-queers-and-women-of-color-all-over-your-teevee-254683,Autostraddle’s 2014 Fall TV Preview: Queers and Women of Color All Over Your Teevee,2014,9,How To Get Away With Murder ,1,ABC,"This show rounds out Shonda Rhimes’ total domination of Thursday nights and promises a “healthy dose of violence and sex.” There’s a gay male character, Connor Walsh, played by Jack Falahee, and Bennett from Orange is the New Black also stars, but we’re way more excited about having such a racially diverse cast with Viola Davis at the helm. Also CRIME DRAMA."
autostraddles-2014-fall-tv-preview-queers-and-women-of-color-all-over-your-teevee-254683,Autostraddle’s 2014 Fall TV Preview: Queers and Women of Color All Over Your Teevee,2014,10,Cristela,1,ABC,"Comedian Cristela Alonzo created this semi-autobiographical sitcom about a legal intern in Texas based on her own struggles to balance work and family. “The only auditions I used to get were housekeepers,” she told Entertainment Weekly. “Those are great stories, and those stories should be told. But we all have different jobs. It’s 2014. You have a Latina who created, writes and stars on this show on network TV. Let’s celebrate this.”"
autostraddles-2014-fall-tv-preview-queers-and-women-of-color-all-over-your-teevee-254683,Autostraddle’s 2014 Fall TV Preview: Queers and Women of Color All Over Your Teevee,2014,9,Saturday Night Live,40,NBC,"Praise Lesbian Jesus for Kate McKinnon who is undoubtedly the highlight of this legendary sketch comedy series these days, which got in trouble last year for hiring a bunch more white guys when it already had SO MANY WHITE GUYS. Black female comedian Sasheer Zamata joined mid-season and will be returning for Season 40. Furthermore, Michael Che, who wrote for the series last season, will be joining the cast as Weekend Update’s first black anchor. He’s replacing Cecily Strong at the Update desk, which I hope means she’ll be doing that annoying girl at the party character again because that shit was HILARIOUS. Noël Wells, the show’s first Hispanic female cast member, won’t be returning for Season 40, nor will white dude John Milhiser or white dude Brooks Wheelan. I think a new white guy has been hired to replace one of those white guys, but IDK they all look the same to me."
autostraddles-2014-fall-tv-preview-queers-and-women-of-color-all-over-your-teevee-254683,Autostraddle’s 2014 Fall TV Preview: Queers and Women of Color All Over Your Teevee,2014,9,The Good Wife,6,CBS,Is Kalinda gonna hook up with any girls this season? You guys should watch it and let me know.
autostraddles-2014-fall-tv-preview-queers-and-women-of-color-all-over-your-teevee-254683,Autostraddle’s 2014 Fall TV Preview: Queers and Women of Color All Over Your Teevee,2014,9,Brooklyn Nine-Nine,2,Fox,This show is really funny and racially diverse and the captain is a black gay man who really breaks type. Mic even declared it the most progressive sitcom on television.
autostraddles-2014-fall-tv-preview-queers-and-women-of-color-all-over-your-teevee-254683,Autostraddle’s 2014 Fall TV Preview: Queers and Women of Color All Over Your Teevee,2014,10,The Walking Dead ,5,AMC,"By Laura Mandanas: Since we last spoke, the less developed half of The Walking Dead’s queer lady couple got killed off during a battle between Rick’s party and a hostile outside group. Although I was sad to see Alisha go, the good news is that Tara Chalmers (played by Alanna Masterson) lives on and has been promoted to a series regular!  As of the the end of last season, Tara was being held hostage in a boxcar with Michonne, Sasha, Maggie, Glenn, Rick, Carl, Daryl and a couple others I don’t really care about. Season 5 promises to be a bloody one, as a) all signs point to the “Termites” being cannibals, and b) Rick literally just ripped some guy’s throat out with his teeth. Also! The show’s creators have been hinting that they’re going to introduce a gay male character and it might be Daryl. (Except, duh, he was totally into Beth last season, so he’s either bi or they’re talking about someone else.) The premiere is on October 12."
autostraddles-2014-fall-tv-preview-queers-and-women-of-color-all-over-your-teevee-254683,Autostraddle’s 2014 Fall TV Preview: Queers and Women of Color All Over Your Teevee,2014,11,The Comeback,2,HBO,"UGH THIS SHOW WAS SO GOOD WHEN IT WAS ON. Then it got cancelled because the world is a cruel dark place and Lisa Kudrow is too good for this world (except for Web Therapy, that show is the worst). The Comeback picks up nine years after the 2005 cancellation with washed-up actress’ Valerie Cherish’s continued attempts to recharge her dwindling career. There aren’t any queer females in it, but her hairdresser Mickey will finally be out of the closet and embracing his gay identity."
autostraddles-2014-fall-tv-preview-queers-and-women-of-color-all-over-your-teevee-254683,Autostraddle’s 2014 Fall TV Preview: Queers and Women of Color All Over Your Teevee,2014,9,Transparent,1,Amazon Prime,"One of this season’s most buzzed-about shows for queers won’t be on television — it’s on Amazon Prime, and it’s called Transparent, and it centers on Maura (played by Jeffery Tambor), a mother coming out late in life as a trans woman. Show creator Jill Soloway (Six Feet Under, The United States of Tara) has loaded the program with LGBTQ characters. Plus, according to Entertainment Weekly, twenty-five members of the cast and crew are transgender! Amy Landecker plays Maura’s daughter Sarah, who has dated both men and women and sees a girlfriend from college resurface in the pilot. Gaby Hoffman plays Maura’s child Ali, who is coming into her own genderqueer identity. The cast includes transgender actress Alexandra Billings, the adorable Alison Sudol of A Fine Frenzy, transgender actress/producer Zackary Drucker (who you may recognize from Amos Mac’s Translady Fanzine), bisexual actress Carrie Brownstein, lesbian comedian Tig Notaro, lesbian writer Ali Liebegott, transgender actress Roxy Wood and transgender comedian and actor Ian Harvie."
autostraddles-2014-fall-tv-preview-queers-and-women-of-color-all-over-your-teevee-254683,Autostraddle’s 2014 Fall TV Preview: Queers and Women of Color All Over Your Teevee,2014,9,Words With Girls ,1,Color Creative TV,"Okay, so this is just a pilot, not an entire series, but if you want it to be an entire series, you should definitely watch the pilot. Written and created by our very own Brittani Nichols, the show will premiere on Issa Rae and Denise Davis’s Color Creative TV on my birthday, September 23rd! This smart and funny “lesbian relationship comedy” dropped its first trailer today and you can read alllll about it right here. Imagine if this was like, on FOX, then we would’ve officially Won Television."
autostraddles-fall-2010-television-preview-59779,Autostraddle’s Ultimate Fall 2010 Television Preview/Pre-Judge,2010,9,Boardwalk Empire,1,HBO,"I can’t decide what appeals to me most: the setting (Atlantic City during Prohibition), the cast (including Steve Buscemi and Kelly Macdonald), the title that reminds me of Monopoly, or the fact that I’ll now have something to watch on Sundays while I’m waiting for Mad Men to start."
autostraddles-fall-2010-television-preview-59779,Autostraddle’s Ultimate Fall 2010 Television Preview/Pre-Judge,2010,9,Sister Wives,1,TLC,"This is apparently the real-life version of Big Love. I mention only because it makes me think of that “Sister Friend” thing — remember when Rosie O’Donnell and Wynonna Judd called each other that all the time? No? Well, I’m just saying: I hope they don’t start calling each other “Sister Wife.” Ick"
autostraddles-fall-2010-television-preview-59779,Autostraddle’s Ultimate Fall 2010 Television Preview/Pre-Judge,2010,9,Mike & Molly,1,CBS,"I’m not sure I can actually bring myself to watch this, because it looks like a lame(r) descendant of The King of Queens. But Melissa McCarthy is adorable and truly gifted comedically and will always be the only real Sookie to me (Stackhouse who?). Also, Swoosie Kurtz is in it, and I still miss Sisters."
autostraddles-fall-2010-television-preview-59779,Autostraddle’s Ultimate Fall 2010 Television Preview/Pre-Judge,2010,9,Chase,1,NBC,"This show seems to feature girls with guns, including Rose Rollins (Tasha on The L Word). That is all I (need to) know."
autostraddles-fall-2010-television-preview-59779,Autostraddle’s Ultimate Fall 2010 Television Preview/Pre-Judge,2010,9,Hawaii Five-0,1,CBS,"Kidding!! You couldn’t pay me to watch anything that stars the spawn of James Caan. (Yes, Grace Park is on the show too, but I just don’t think that’s enough to overcome the rest of the suckage.)"
autostraddles-fall-2010-television-preview-59779,Autostraddle’s Ultimate Fall 2010 Television Preview/Pre-Judge,2010,9,The Event,1,NBC,"FlashForward made me wary of shows that have a big secret, but Laura Innes is on this, so I’ll give it a try. Oh, and Lisa Vidal is on it too. Wait a minute! I just figured out what the “event” is: the reunion of Dr. Weaver and her firefighter girlfriend Sandy! Can we please page Dr. Legaspi while we’re at it?"
autostraddles-fall-2010-television-preview-59779,Autostraddle’s Ultimate Fall 2010 Television Preview/Pre-Judge,2010,10,In Treatment,returning,HBO,"Nothing will ever be as good as that amazing first season — featuring Mia Wasikowska in a heart-breaking, breakout role — but I’m looking forward to seeing Debra Winger and Amy Ryan every week. But wah, no Dianne Wiest!"
autostraddles-fall-2010-television-preview-59779,Autostraddle’s Ultimate Fall 2010 Television Preview/Pre-Judge,2010,9,Glee,returning,Fox,"I don’t always love everything about this show, but I’ll still be happy to see it (and Jane Lynch) again."
autostraddles-fall-2010-television-preview-59779,Autostraddle’s Ultimate Fall 2010 Television Preview/Pre-Judge,2010,9,Detroit 1-8-7,1,ABC,"Hmm. Why didn’t they call it Detroit 4-4-2 and use that Blondie tune as the theme song? Also, Michael Imperioli plays a cop on this show, which just makes me miss the American version of Life on Mars. Um. Never mind."
autostraddles-fall-2010-television-preview-59779,Autostraddle’s Ultimate Fall 2010 Television Preview/Pre-Judge,2010,9,Raising Hope,1,Fox,"This seems to be about the recession and parenthood. These are not my favorite topics. But Martha Plimpton is one of my favorite actresses, so I’ll give it at least two episodes before I give up and watch The Goonies instead."
autostraddles-fall-2010-television-preview-59779,Autostraddle’s Ultimate Fall 2010 Television Preview/Pre-Judge,2010,9,Running Wilde,1,Fox,Bluh. The presence of Will Arnett and David Cross does not another Arrested Development make. And why does David Cross get to have two new shows while Laura Kightlinger (whose brilliant The Minor Accomplishments of Jackie Woodman is being ripped off by the aforementioned Cross on his other show) has none?
autostraddles-fall-2010-television-preview-59779,Autostraddle’s Ultimate Fall 2010 Television Preview/Pre-Judge,2010,9,The Good Wife,returning,CBS,"I still don’t think Archie Panjabi deserved the Emmy, but I sure do hope Kalinda turns out to be gay. Mostly I wish Alicia would smash Peter’s face in. Then the title would be all sarcastic and stuff. Updaaate! It seems Lili Taylor may play Kalinda’s love interest. Yeeee! Taylor has always had the gayest vibe ever, even when she’s playing straight. And she is always a delight. Though I still wish I’d never seen The Addiction"
autostraddles-fall-2010-television-preview-59779,Autostraddle’s Ultimate Fall 2010 Television Preview/Pre-Judge,2010,9,The Whole Truth,1,ABC,Maura Tierney is breathtaking with short hair. But not with Rob Morrow at her side. I do like the idea of watching a case unfold instead of being told who to root for. (Except I’m totally rooting for Maura’s side every time.)
autostraddles-fall-2010-television-preview-59779,Autostraddle’s Ultimate Fall 2010 Television Preview/Pre-Judge,2010,9,Modern Family,returning,ABC,"The gayest and happiest show on TV. I wish I had just one relative who’s as funny (a la Phil), as lovely (a la Gloria or Claire) or as dapper (a la Manny) as these people."
autostraddles-fall-2010-television-preview-59779,Autostraddle’s Ultimate Fall 2010 Television Preview/Pre-Judge,2010,9,Undercovers,1,NBC,I like it when NBC *actually* gets more colorful. But the ads for this show just make me want an espresso.
autostraddles-fall-2010-television-preview-59779,Autostraddle’s Ultimate Fall 2010 Television Preview/Pre-Judge,2010,9,Outsourced,1,NBC,"Casual racism against Indians is not funny, but the idea of outsourcing a white guy does make me chuckle. Probably not for an entire episode though. Unless they could actually outsource some of the white guy a-holes I work with. Hilarious!"
autostraddles-fall-2010-television-preview-59779,Autostraddle’s Ultimate Fall 2010 Television Preview/Pre-Judge,2010,9,$#*! My Dad Says,1,CBS,"I still can’t believe a Twitter feed got turned into a TV show. How does one tweet-cap such a thing? Also, I think they should have just called it SHATner My Dad Says. Hee."
autostraddles-fall-2010-television-preview-59779,Autostraddle’s Ultimate Fall 2010 Television Preview/Pre-Judge,2010,9,Grey’s Anatomy,returning,ABC,"I have yet to sit through an entire episode — I just fast-forward to the Calzona parts — but this show features the best lesbian relationship on TV right now. And wow, is that a sad fact!"
autostraddles-fall-2010-television-preview-59779,Autostraddle’s Ultimate Fall 2010 Television Preview/Pre-Judge,2010,9,30 Rock,returning,NBC,"I take it back — the best lesbian relationship on TV right now is Liz Lemon and her female viewers. I’m betting this will be the last season of 30 Rock, though, because middle America doesn’t seem to like this brilliant show. Whuck?!"
autostraddles-fall-2010-television-preview-59779,Autostraddle’s Ultimate Fall 2010 Television Preview/Pre-Judge,2010,9,The Office,returning,NBC,"This really *should* be the last season of The Office, because it’s pointless to go on without Michael Scott. Hold me, Amy Ryan."
autostraddles-fall-2010-television-preview-59779,Autostraddle’s Ultimate Fall 2010 Television Preview/Pre-Judge,2010,9,Outlaw,1,NBC,"Who would ever quit the Supreme Court? I mean, except for Justice O’Connor (I still haven’t forgiven her). But Carly Pope is on this show, and I’ve loved Jimmy Smits ever since he romanced a butch Ellen Barkin in Switch. He might not be able to overcome the preposterous premise though."
autostraddles-fall-2010-television-preview-59779,Autostraddle’s Ultimate Fall 2010 Television Preview/Pre-Judge,2010,,Body of Proof,1,ABC,Jeri Ryan and Dana Delany. What more could you possibly need?! Maybe some better writing. Maybe not.
autostraddles-fall-2010-television-preview-59779,Autostraddle’s Ultimate Fall 2010 Television Preview/Pre-Judge,2010,10,Caprica,returning,SyFy,"Can the second half of the season really be as good as the first? I can’t wait to find out. And we don’t have to wait as long as we thought, because it’s coming back in October instead of January. And guess what: Paula Malcomson (the mom) is still in the credits. I guess she didn’t plummet to her death after all. "
autostraddles-fall-television-guide-all-the-new-shows-all-the-lesbians-108904,Autostraddle’s Fall Television Guide: All The New Girls,2011,9,The Secret Circle,1,the CW,"The Secret Circle is yet another supernatural thriller about teenagers, my favorite! This time, the topic is Witches. 16-year-old Cassie (Britt Robertson) becomes an orphan when her Mom dies in a fire, and promptly moves to her dead mother’s hometown. It is here that she is informed that she’s a witch. There are lots of witches, bitches. You should watch this extended trailer (embedding disabled). Oh and — Brian Kinney stars as an evil parent!"
autostraddles-fall-television-guide-all-the-new-shows-all-the-lesbians-108904,Autostraddle’s Fall Television Guide: All The New Girls,2011,9,Up All Night,,NBC,"Here’s why you’re gonna be into this: + Gob + Maya Rudolph Christina Applegate is pretty easy on the eyes as well, although she’s always Kelly Bundy to me: So basically Christina Applegate‘s character Reagan Brinkley has a good career and is the “life of the party.” Also, she has a baby! A REAL LIVE BABY PERSON! Luckily, she’s got a stay-at-home-husband, played by Gob. If only Gob could find the cheese in the store! What a goof! What will happen as the duo face the challenges of BABY-REARING? Will Reagan have to “compromise her career or cool reputation to the cliches of motherhood?” I’m on the edge of my seat waiting to find out!"
autostraddles-fall-television-guide-all-the-new-shows-all-the-lesbians-108904,Autostraddle’s Fall Television Guide: All The New Girls,2011,9,2 Broke Girls,1,CBS,"Sassy, streetwise Max Black works two jobs just to get by, one of which is waiting tables during the night shift at the retro-hip Williamsburg Diner. Sophisticated Caroline Channing is an uptown trust fund princess who’s having a run of bad luck that forces her to reluctantly give waitressing a shot. At first, Max sees Caroline as yet another in a long line of inept servers she must cover for, but she’s surprised to find that Caroline has as much substance as she does style.” From this four-minute preview and the fact that the title uses the numeral “2” instead of the word “two,” I already totally hate this show which is allegedly about waitresses who live in Williamsmburg, Brooklyn. As a former waitress who lived in Williamsburg, Brooklyn, I feel viewing this show would be redundant. Furthermore, it’s possibly racist. Other characters include “Oleg, an overly flirtatious Russian cook,” “Earl, a 75-year-old kool-kat cashier,” “Han Lee, the new, eager-to-please owner of the diner” and “Abdul Mohammed, the uptight manager of the 7-11 next door.” Just kidding about that last one, I made it up. I was just running with the theme."
autostraddles-fall-television-guide-all-the-new-shows-all-the-lesbians-108904,Autostraddle’s Fall Television Guide: All The New Girls,2011,9,The Playboy Club,,NBC,"I’ve already talked about this show at length because despite the 5,662 reasons why I should have radical socialist feminist rage about  it, I’m actually looking forward to it moreso than anything besides the new season of Extreme Couponing.  Why? Because: 1. It stars a lesbian (Amber Heard, as Maureen) (Let’s not get into a debate about her latest predictable assertion that she doesn’t want the lesbian “label” and stick to the topic at hand which is fall television) 2. Features a lesbian character (Alice, played by Leah Renee)… 2a. …in a “Lavender Marriage” with a gay guy… 2b. …and they’re part of the Chicago chapter of 1960s LGBT rights group The Mattachine Society… 2c. …and she’s gonna get a real-life lady love interest! 3. Laura Benanti. 4. Hot chicks."
autostraddles-fall-television-guide-all-the-new-shows-all-the-lesbians-108904,Autostraddle’s Fall Television Guide: All The New Girls,2011,9,Unforgettable,,CBS,"What’s especially interesting about the concept behind this show — a detective who remembers everything that’s ever happened, ever — is that in this day/age sometimes I feel like we’re using technology to keep records of every minute to ensure that we have access to the memories of everything that’s ever happened, ever. How often do you search your g-chat records to figure out how you actually feel about a thing or what you said and how often does that make all the difference? UNFORGETTABLE stars Poppy Montgomery as Carrie Wells, an enigmatic former police detective with a rare condition that makes her memory so flawless that every place, every conversation, every moment of joy and every heartbreak is forever embedded in her mind. It’s not just that she doesn’t forget anything – she can’t; except for one thing: the details that would help solve her sister’s long-ago murder. Carrie has tried to put her past behind her, but she’s unexpectedly reunited with her ex-boyfriend and partner, NYPD Detective Al Burns (Dylan Walsh), when she consults on a homicide case. I’ve only seen a two-minute preview, but in that two minutes I was like, holy shit, total recall is the only tool we really need to solve every crime ever. There’s some boys in the show and also a smokin’ hot “sassy, street-smart cop” named Nina Inara (Daya Vaidya).
 "
autostraddles-fall-television-guide-all-the-new-shows-all-the-lesbians-108904,Autostraddle’s Fall Television Guide: All The New Girls,2011,9,H8R,,the CW,"So you know how people on the internet are really mean and full of hate and you’re always like, “why can’t they just say it to my face?” Well, Mario Lopez had that very same thought, and he made it into a TV show where famous people confront their haters face-to-face. Following the confrontation, the haters get to see the “real side” of people like Snookie and Kim Kardashian — not that fake side they see on television! The real side…  also on television. This show would be better if they replaced the Kardashians with like, Sadie Doyle and Tracie from Jezebel."
autostraddles-fall-television-guide-all-the-new-shows-all-the-lesbians-108904,Autostraddle’s Fall Television Guide: All The New Girls,2011,9,Suburgatory,,ABC,"“Single father George only wants the best for his 16-year-old daughter, Tessa. So when he finds a box of condoms on her nightstand, he moves them out of their apartment in New York City to a house in the suburbs. But all Tessa sees is the horror of over-manicured lawns and plastic Franken-moms. Being in the ‘burbs can be hell, but it also may just bring Tessa and George closer than they’ve ever been.” Yup. Single father George (Billy Chenoweth) cures Tessa’s desire to practice safe sex by carting her to the suburbs, where teenagers don’t have sex and nobody has any secrets, desperation, or Chicken Parties. My ability to enjoy ths program will be greatly hindered by: 1. Condoms? Really? This premise is flawed, 2. The fact that all of these jokes have been told before and all of these characters have been played before! Mean Girls, Clueless, Stepford Wives, Jawbreakers, The O.C., etc."
autostraddles-fall-television-guide-all-the-new-shows-all-the-lesbians-108904,Autostraddle’s Fall Television Guide: All The New Girls,2011,9,Whitney,,NBC,"NBC’s new multi-camera comedy “Whitney” is a hilarious look at modern day love, which centers around Whitney (Whitney Cummings, “Chelsea Lately”) and Alex (Chris D’Elia, “Glory Daze”), a happily unmarried couple. Together for three years, the duo is in no rush to get hitched, which seems to get a mixed response from their friends. This show is about a laugh track. In between giant bursts of laugh track, we witness the tender jokey relationship between Whitney and her boyfriend. They’re not married. Can you believe it? A couple together for five years and not even married! SO WEIRD. In the preview, Whitney’s kept out of her husband’s hospital room because they’re not married, which inspires some sort of breakdown and a brief consideration of actually getting married. What a predicament! That must be nice, actually having the choice to get married! It would really suck if there was just no way on earth for you to get to your boyfriend’s hospital room."
autostraddles-fall-television-guide-all-the-new-shows-all-the-lesbians-108904,Autostraddle’s Fall Television Guide: All The New Girls,2011,9,Prime Suspect,,NBC,"“Jane is confident and focused – and also rude, abrupt and occasionally reckless. She has her vices, and rumors of a questionable past follow her everywhere – but at the end of the day, she’s an instinctively brilliant cop who can’t be distracted from the only important thing: the prime suspect. So, Maria Bello plays Jane Timoney, a badass Homicide Detective who looks good in menswear. Jane is transferred to a NYC Homicide Department presently composed entirely of douchebags who make a lot of lame sexist jokes to which she volleys clever retorts. In other words, she’s going to give you all a lesbian boner. It’s based on a British series and is produced by the guy who did Friday Night Lights, a very popular critically-acclaimed program about football.
"
autostraddles-fall-television-guide-all-the-new-shows-all-the-lesbians-108904,Autostraddle’s Fall Television Guide: All The New Girls,2011,10,Grimm,,NBC,"This show is gonna be rad.“”Grimm” is a new drama series inspired by the classic Grimm’s Fairy Tales. Portland homicide Detective Nick Burkhardt discovers he is descended from an elite line of criminal profilers known as “Grimms,” charged with keeping balance between humanity and the mythological creatures of the world.”"
autostraddles-fall-television-guide-all-the-new-shows-all-the-lesbians-108904,Autostraddle’s Fall Television Guide: All The New Girls,2011,9,PanAm,,ABC,"“Passion, adventure and espionage… They do it all—and they do it at 30,000 feet. The style of the 1960s, the energy and excitement of the Jet Age and a drama full of sexy entanglements deliciously mesh in a thrilling and highly original new series, Pan Am, premiering SUNDAY, SEPTEMBER 25, on the ABC Television Network.” I’ve wanted one of those Pan Am bags for probably years now, and now that this show exists, I feel like I’m never going to be able to afford one. That bitterness aside, Pan Am stars Christina Ricci, the outfits are cute, and it’s directed by the director of The West Wing."
autostraddles-fall-television-guide-all-the-new-shows-all-the-lesbians-108904,Autostraddle’s Fall Television Guide: All The New Girls,2011,9,Ringer,,the CW,"“Sarah Michelle Gellar stars as a woman who, after witnessing a murder, goes on the run, hiding out by assuming the life of her wealthy identical twin sister – only to learn that her sister’s seemingly idyllic life is just as complicated and dangerous as the one she’s trying to leave behind.” Once Buffy the Vampire Slayer gets to New York City, she and her estranged twin sister go on a boat trip from which her sister never returns. So Bridget takes on her sister’s identity but unfortunately her sister is even more fucked up than she is. I assume I will enjoy this based on my present enjoyment of The Lying Game."
autostraddles-fall-television-guide-all-the-new-shows-all-the-lesbians-108904,Autostraddle’s Fall Television Guide: All The New Girls,2011,9,New Girl,,Fox,"THE NEW GIRL, starring Zooey Deschanel as JESS DAY, is a single-camera comedy about a dorky awkward manic pixie dream girl who walks in on her boyfriend at their apartment with another lady (this scene is identical to the same scene in 2 Broke Girls) , therefore breaks up with him, and is henceforth forced to move in to a new apartment with a bunch of duders. THE NEW GIRL allegedly will provide a “fresh” and “outrageous” take on our favorite topic, “male/female relationships.” Everybody will love this show except me.  The best part is that Damon Wayans JUNIOR is in it."
december-2020-streaming,What’s New and Gay To Stream in December 2020,2020,12,The Prom,,Netflix,"Based on the 2018 Broadway Musical, The Prom follows a high school student in small-town Indiana who’s been banned from attending the prom with her girlfriend. Two Broadway stars (played by Meryl Streep and James Corden) who recently participated in a major flop, determine this cause is what they need to resurrect their public images and they head to the Midwest with two additional actors (played by Nicole Kidman and Andrew Rannells)"
december-2020-streaming,What’s New and Gay To Stream in December 2020,2020,12,Tiny Pretty Things,1,Netflix,"This series about a competitive and prestigious ballet school populated by ruthlessly determined lithe dancers has been compared to Black Swan, Center Stage and Pretty Little Liars. The book actually attracted a bit of controversy for the positioning of its LGBT characters, which did include Sei-Jin, a closeted lesbian dancer, although no character by that name is listed on imdb. Update: Netflix The Most tweeted that “a gay ballerina takes center stage in this thrilling new whodunit.” So….."
december-2020-streaming,What’s New and Gay To Stream in December 2020,2020,12,Anitta: Made In Honorio,,Netflix,"Bisexual Brazilian pop queen Anitta is the focus of this intimate documentary in which she will open up about fame, family, and her fierce work ethic."
december-2020-streaming,What’s New and Gay To Stream in December 2020,2020,12,Ma Rainey’s Black Bottom ,,Netflix,"Based on August Wilson’s play, this critically acclaimed film stars Viola Davis as the titular Ma Rainey, the “Mother of the Blues.” The action unfolds over the course of an afternoon recording session in 1920s Chicago, with Ma in a fight with her white manager and trumpeter Levee (Chadwick Boseman, in his final film appearance) setting his sights on Ma’s girlfriend. So far this film has been categorically critically acclaimed!"
december-2020-streaming,What’s New and Gay To Stream in December 2020,2020,12,Bridgerton,1,Netflix,"Shondaland’s first big Netflix production follows the escapades of the eight children of the late Viscount Bridgerton in early 19th-century England and the high society scandal sheet written by the mysterious Lady Whistleon (played by Julie Andrews) that keeps the town a-flutter. The trailer indicates a man-on-man hookup but we’re not sure if there will be any queer lady stuff this season. Look out for Nicola Couglan, who plays Clare on Derry Girls."
december-2020-streaming,What’s New and Gay To Stream in December 2020,2020,12,The Con is On ,,Netflix,"This film features the one and only Uma Thurman as “queer crime bitch” Harriet aka Harry. Maggie Q plays Irina who is still in love with Harry because they had a thing. Also there’s like, jewel thieves and little witty quips and British men and fancy women and all the things that go into films of this nature you know what I mean."
december-2020-streaming,What’s New and Gay To Stream in December 2020,2020,12,Dare Me,1,Netflix,"This criminally underrated and unjustly cancelled show about All-American yet homoerotic cheerleaders in a small Midwestern town with secret desires and loyalties will hit Netflix approximately one year after its debut on USA. Maybe everybody will fall in love with it and then it will come back, like what happened with You on Netflix, except that Dare Me is better than You."
december-2020-streaming,What’s New and Gay To Stream in December 2020,2020,12,Chilling Adventures of Sabrina,2,Netflix,"Despite planning for Part Five already being underway, this creepy little show was cancelled in July and Part 4 will be its last dance. This season, The Eldritch Terrors will descend upon Greendale and the coven will have to fight each threat one-by-one on a journey to The Avoid, aka the End of All Things."
december-2020-streaming,What’s New and Gay To Stream in December 2020,2020,12,Under the Tuscan Sun,,Hulu,Sandra Oh plays a lesbian named Patti in this mommi-fest about a San Francisco writer (Diane Lane) finds out her husband has been cheating on her takes an Italian vacation with Patti to get over her depression re: her ex husband and writers block
december-2020-streaming,What’s New and Gay To Stream in December 2020,2020,12,Nurses,1,NBC/Hulu,"NBC picked up this medical drama from its Canadian home to have something new for its fall schedule, and we are not complaining because there are girls making out in the trailer. Five young nurses embark on a high-stakes world of nursing in a busy downtown hospital, including Ashley Collins, “a wild and unapologetic adrenaline junkie who lives for the fast pace of the hospital,” who eventually starts a little something with a woman named Caro."
december-2020-streaming,What’s New and Gay To Stream in December 2020,2020,12,Letterkenny,9,Hulu,"The Ninth season of this “Surprisingly Queer Canadian Comedy” is here for your post-Christmas viewing. I’ll have you know that in 2019, a year that took place 20 years ago, Valerie finished all six seasons within one single week and called it her “happy place show.” That bodes very well for you!!! She warns that there are a lot of men in this program, including “self-proclaimed hicks on a farm and hockey bros slinging insults back and forth” but eventually everybody emerges from the Candian stereotypes the show is focused on including Katy, who is sassy, funny, smart and queer."
december-2020-streaming,What’s New and Gay To Stream in December 2020,2020,12,A League of Their Own (1992),,Amazon Prime,"The gay-but-not-gay film beloved by gay girls all over the world and by that I mean me as a child; is coming to Amazon Prime for you to marvel in how gay this movie is without becoming actually gay!!!!! Can’t wait for the actually gay TV series, it’s gonna be a hoot!"
december-2020-streaming,What’s New and Gay To Stream in December 2020,2020,12,The Wilds,1,Amazon Prime,"Here, let me just bestow this synopsis upon you if I may: “Part survival drama, part dystopic slumber party, The Wilds follows a group of teen girls from different backgrounds who must fight for survival after a plane crash strands them on a deserted island. The castaways both clash and bond as they learn more about each other, the secrets they keep, and the traumas they’ve all endured. There’s just one twist to this thrilling drama… these girls did not end up on this island by accident!” There is a lot of queer stuff in here too, so."
december-2020-streaming,What’s New and Gay To Stream in December 2020,2020,12,Blackbird,,Amazon Prime,"This emotional drama follows Lily (Susan Sarandon) and Paul (Sam Niel), a couple who’ve summoned their family and loved ones to the beach house for a final weekend together before Lily ends her life, and her battle with ALS, on her own terms. But also they have to deal with all their unresolved family shit really fast! Her daughter Anna (Mia Wasikowska), brings her partner, Chris, played by non-binary actor Bex Taylor-Klaus, to bear witness to it all. Kate Winslet and Rainn Wilson are in it too."
december-2020-streaming,What’s New and Gay To Stream in December 2020,2020,12,The L Word: Generation Q,1,Showtime,"Showtime Season Ones: Also in the month of December, you can watch Season One of select Showtime programs for free without subscribing to the Showtime add-on. Those include the first seasons of The L Word: Generation Q, Ray Donovan and Work in Progress. "
december-2020-streaming,What’s New and Gay To Stream in December 2020,2020,12,Ray Donovan,1,Showtime,
december-2020-streaming,What’s New and Gay To Stream in December 2020,2020,12,Work in Progress,1,Showtime,
december-2020-streaming,What’s New and Gay To Stream in December 2020,2020,12,Stylish With Jenna Lyons,,HBO Max,"I false alarmed y’all on this last month b/c they changed the debut date in which former J.Crew creative director Jenna Lyons, a very fashionable lesbian, debuts her eight-part reality series in which she is building her own brand."
december-2020-streaming,What’s New and Gay To Stream in December 2020,2020,12,Euphoria,2,HBO Max,"Something related to this program is happening this December on HBO Max. However, “this is not Season 2.” There are two parts. Part one is called “Rue.” Intrepid fans have seen Zendaya and Hunter around L.A. filming. It allegedly resumes shortly after Rue relapsed and Jules left her at the train station, circa Christmastime."
december-2020-streaming,What’s New and Gay To Stream in December 2020,2020,12,Let Them All Talk,,HBO Max," am including this here because one of the characters in this paean to white women of a certain age will acknowledge at some point that she had a threesome in college??? Anyhow, watch Meryl Streep, Candice Bergen and Dianne Wiest improvise on a cruise ship for a week!"
december-2020-streaming,What’s New and Gay To Stream in December 2020,2020,12,Homeschool Musical 2020 ,,HBO Max,"Laura Benanti was sad about all the kids who had their high school musicals cancelled this year and invited them to submit songs on social media — eventually the project became this documentary, which followed seven aspirants finding their voice in unprecedented times, including a trans teenager."
december-2020-streaming,What’s New and Gay To Stream in December 2020,2020,12,Wonder Woman 1984,,HBO Max,"Nobody wanted to wait anymore for this film so HBO Max is bringing it right to our living rooms!! Or apparently it is viewable at a number of movie theaters in various locations, if you want to gamble with your life or whatever. The trailer does apparently hint at something queer maybe possibly happening and Kristin Wiig will be playing Cheetah / Barbara Ann Minvera, who is apparently “a complicated queer villain” but I feel like if this was truly going to be gay somehow Heather would already know?"
december-2021-whats-new-gay-and-streaming-on-netflix-amazon-prime-video-hulu-hbo-max-and-peacock,December 2021: What’s New and Gay To Stream,2021,12,Chloe,,Netflix,"Another entry in the “problematic when it was all we had but kinda fun in the 2020s” is this stupid thriller starring Amanda Seyfried as Chloe, a sex worker hired by gynecologist Catherine (Julienne Moore) to find out if her husband is having an affair"
december-2021-whats-new-gay-and-streaming-on-netflix-amazon-prime-video-hulu-hbo-max-and-peacock,December 2021: What’s New and Gay To Stream,2021,12,Wild Things,,Netflix,This movie is bad in a very fun way and there is girl-on-girl action that was honestly inspirational in 1997 and I will likely never discover if it holds up!
december-2021-whats-new-gay-and-streaming-on-netflix-amazon-prime-video-hulu-hbo-max-and-peacock,December 2021: What’s New and Gay To Stream,2021,12,Elite: Short Stories,,Netflix,A new set of shorts about our favorite murder-adjacent teens will roll out through December. None of the queer female characters are the focus of these particular stories but they will however it seems make an appearance.
december-2021-whats-new-gay-and-streaming-on-netflix-amazon-prime-video-hulu-hbo-max-and-peacock,December 2021: What’s New and Gay To Stream,2021,12,Schitt’s Creek,6,Netflix,Noted fave comedy about a rich family who finds themselves stripped of their fortunes and running a motel in a small town will land in its entirety upon Netflix this December.
december-2021-whats-new-gay-and-streaming-on-netflix-amazon-prime-video-hulu-hbo-max-and-peacock,December 2021: What’s New and Gay To Stream,2021,12,Emily in Paris,2,Netflix,"One of the worst shows to ever grace our horrified screens is returning for Season 2. Rumor has it that the actors who played Emily and Camille are “open to” the idea of being in a throuple with Gabriel or otherwise “exploring their feelings for each other” and the trailer shows them both on vacation with Mindy. Apparently “it was evident in the first season that Camille and Emily have some strange bisexual energy going on.” They do appear to kiss briefly in the trailer but like…. BRIEFLY? I am assuming if anything bisexual happens in this show it will be handled as badly as the show handles everything else, including clothing."
december-2021-whats-new-gay-and-streaming-on-netflix-amazon-prime-video-hulu-hbo-max-and-peacock,December 2021: What’s New and Gay To Stream,2021,12,Queer Eye,6,Netflix,"The dream team returns, including noted non-binary queen Jonathan Van Ness, to Austin,Texas just in time for probably somebody in some part of this country to find themselves snowed in!"
december-2021-whats-new-gay-and-streaming-on-netflix-amazon-prime-video-hulu-hbo-max-and-peacock,December 2021: What’s New and Gay To Stream,2021,12,Her Smell,,Hulu,"Elisabeth Moss plays an unhinged egomaniac riot grrrl rock star amid a mental breakdown. At one point she collaborates with the very loyal bass player Marielle Hell who Indiewire describes as “a cross between Joan Jett and Shane from ‘The L Word.’” Queer actors Cara Delevingne, Amber Benson and Amber Heard also play musical parts in the film!"
december-2021-whats-new-gay-and-streaming-on-netflix-amazon-prime-video-hulu-hbo-max-and-peacock,December 2021: What’s New and Gay To Stream,2021,12,All Rise,2,CBS/Hulu,This drama about all the players in an L.A. court system is centered on new judge Laura Carmichael. Her mentor Lisa is a lesbian and there’s also a bisexual clerk who goes our with a lesbian clerk.
december-2021-whats-new-gay-and-streaming-on-netflix-amazon-prime-video-hulu-hbo-max-and-peacock,December 2021: What’s New and Gay To Stream,2021,12,We Need to Do Something,,Hulu,"This one-room horror film traps a family in their bathroom during what seems like a storm that turns out to perhaps be something much worse. Through flashbacks over the course of the film, we learn that the daughter, Melissa, had been dabbling in witchcraft with her girlfriend Amy, which she suspects may be causing their current problems."
december-2021-whats-new-gay-and-streaming-on-netflix-amazon-prime-video-hulu-hbo-max-and-peacock,December 2021: What’s New and Gay To Stream,2021,12,Creamerie,1,TVNZ 1/Hulu,"The three Kiwi-Asian women who wrote and star as organic dairy farmer sisters in “Creamerie” created this dystopian series to give themselves better roles than they were offered in other people’s shows. Creamerie is set in New Zealand, eight years after a virus wiped out all the men of the world, where now a “wellness-based” fascist government has taken over, run by a health guru. The sisters accidentally run over a real live man and uncover a conspiracy!"
december-2021-whats-new-gay-and-streaming-on-netflix-amazon-prime-video-hulu-hbo-max-and-peacock,December 2021: What’s New and Gay To Stream,2021,12,The Nowhere Inn,,Hulu,"St. Vincent enlists her bff Carrie Brownstein to make a documentary about her music to reveal her on-and-off-stage personas. But eventually “notions of reality, identity and authenticity grow increasingly distorted and bizarre.” Also Dakota Johnson plays her? Girlfriend?"
december-2021-whats-new-gay-and-streaming-on-netflix-amazon-prime-video-hulu-hbo-max-and-peacock,December 2021: What’s New and Gay To Stream,2021,12,Letterkenny,10,Hulu,Another season of this series that showcases the antics of a small rural community in Canada with a specific focus on siblings Wayne and Katy. Katy is bisexual!
december-2021-whats-new-gay-and-streaming-on-netflix-amazon-prime-video-hulu-hbo-max-and-peacock,December 2021: What’s New and Gay To Stream,2021,12,Jennifer’s Body,,Amazon Prime,"Of this campy film, Erin wrote, “This film explores some of my favorite themes all in one glossy, campy, self-aware package: misandry, women being extremely gay together, principled revenge, and the triumph of aught culture. ”"
december-2021-whats-new-gay-and-streaming-on-netflix-amazon-prime-video-hulu-hbo-max-and-peacock,December 2021: What’s New and Gay To Stream,2021,12,Harlem,1,Amazon Prime,"This series starring Meagan Good that we are VERY excited about follows “a group of stylish and ambitious best girlfriends in Harlem, New York City, the mecca of Black culture in America. Together, they level up from their 20s into the next phase of their careers, relationships, and big city dreams.” Jerrie Johnson is Tye, the inventor of an actually good queer dating app “who prefers keeping vulnerability — and romantic partners — at arm’s length.”"
december-2021-whats-new-gay-and-streaming-on-netflix-amazon-prime-video-hulu-hbo-max-and-peacock,December 2021: What’s New and Gay To Stream,2021,12,The Expanse,6,Amazon Prime,"Set in outer space way in the future when humanity has colonized it, The Expanse added a lot more queer characters after being saved from cancellation by Amazon after its first three seasons on SyFy. Season 6 will be its final bow!"
december-2021-whats-new-gay-and-streaming-on-netflix-amazon-prime-video-hulu-hbo-max-and-peacock,December 2021: What’s New and Gay To Stream,2021,12,With Love,1,Amazon Prime,"One Day at a Time‘s Gloria Calderón Kellett,’s new romantic comedy series, following a tight-knit Latinx family across the holidays that punctuate a calendar year, includes trans actress Isis King as trans character Sol Perez, an oncologist who is “the one who has their shit together.” “You can tell that someone queer was in the writer’s room,” King told Metroweekly. “It just felt honest and real.”"
december-2021-whats-new-gay-and-streaming-on-netflix-amazon-prime-video-hulu-hbo-max-and-peacock,December 2021: What’s New and Gay To Stream,2021,12,Christmas is Cancelled,,Amazon Prime,"Trans actor Emily Modaff is the quirky queer best friend of Christmas is Cancelled’s protagonist, Emily (Hayley Orrantia), who is horrified to find out that her widowed 52-year-old father (Dermot Mulroney) has been dating her high school nemesis (Janel Parrish aka Mona from PLL) and will stop at nothing to break them up."
december-2021-whats-new-gay-and-streaming-on-netflix-amazon-prime-video-hulu-hbo-max-and-peacock,December 2021: What’s New and Gay To Stream,2021,12,Yearly Departed,,Amazon Prime,"This annual Amazon Prime Video comedy special is doing an all-female line-up for 2021, including queer comic Meg Stalter. Other performers include Jane Fonda, Dulce Sloan, Chelsea Peretti, X Mayo, Yvonne Orji and Aparna Nancherla"
december-2021-whats-new-gay-and-streaming-on-netflix-amazon-prime-video-hulu-hbo-max-and-peacock,December 2021: What’s New and Gay To Stream,2021,12,Perfect Life (Vida Perfecta),2,HBO Max,"Somehow Season One of this series about three forty-something women forging new paths in mid-life escaped my notice but there’s still time to remedy that. In Season One, which debuted in January, Esther is introduced as a “40-year-old who lives like a teenager” and is passionate about painting but not making money at it. In Season Two, HBO says that “Esther’s wedding with her new partner Julia is coming up but she can never find the right moment to tell her that she’s not ready yet.”"
december-2021-whats-new-gay-and-streaming-on-netflix-amazon-prime-video-hulu-hbo-max-and-peacock,December 2021: What’s New and Gay To Stream,2021,12,Santa Inc,1,HBO Max,"Developed by and starring Jewish actors Seth Rogen and Sarah Silverman, this adult animation film is set in the North Pole, where Candy Smalls, a female elf, is aiming to become the next Santa Claus, an institution historically dominated by, you know, white men. Gabourey Sidibe plays Goldie, an openly bisexual reindeer on Santa’s reindeer “B-Team” who doesn’t get the credit she deserves for her work. YouTube had to remove the dislike button for the preview because of people who accused it of being part of the war on Christmas."
december-2021-whats-new-gay-and-streaming-on-netflix-amazon-prime-video-hulu-hbo-max-and-peacock,December 2021: What’s New and Gay To Stream,2021,12,And Just Like That,1,HBO Max,"The trailer and photos from set have already sparked speculation about even more gayness in the much-anticipated reboot of Sex and the City than anticipated — although what we’ve anticipated is pretty incredible in and of itself! Sara Ramirez will be playing podcaster Che Diaz, “a nonbinary, queer, stand-up comedian who often hosts Carrie Bradshaw (Parker) on their show. Che, who uses the pronouns they/them, is described as a big presence with a big heart whose outrageous sense of humor and progressive, human overview of gender roles has made them and their podcast very popular.” But it kinda seems like Miranda (played by queer actress Cynthia Nixon) is giving Che some very suggestive eye contact, so!"
december-2021-whats-new-gay-and-streaming-on-netflix-amazon-prime-video-hulu-hbo-max-and-peacock,December 2021: What’s New and Gay To Stream,2021,12,Matrix Resurrections,,HBO Max,"The Matrix films, which put the Wachowskis on the map many moons ago, long before they both came out as trans women, has often resonated deeply with its queer audience — who likely weren’t surprised when Lana confirmed the film was in fact intended as a trans allegory. (This topic is also explored by trans writer Andrea Long Chu in her book “Females” and by trans writer and critic Emily VanDerWerff ) Wachowski said at the time that “the corporate world wasn’t ready” for anything beyond subtextual nods to transness and/or queerness. Are they ready for it in 2021? We will certainly find out! Lana Wachowski is directing solo, without her sister, and co-wrote the film with two others. Two queer actors, Jonathan Groff and Neil Patrick Harris, are joining the cast. Jessica Henwick’s character, with her spiky blue hair and leather vest-jacket situation, looks queer as heck??"
december-2021-whats-new-gay-and-streaming-on-netflix-amazon-prime-video-hulu-hbo-max-and-peacock,December 2021: What’s New and Gay To Stream,2021,12,Chucky,1,Peacock,"After the events of “Cult of Chucky,” a 14-year old boy discovers that his Good Guy doll is possessed by the soul of Chucky. Tiffany Valentine (Jennifer Tilly) remains Chucky’s lover, but in this series they have a gender-fluid puppet child and also she is in love with Nica, a woman possessed by a portion of Chucky’s malevolent spirit."
december-2021-whats-new-gay-and-streaming-on-netflix-amazon-prime-video-hulu-hbo-max-and-peacock,December 2021: What’s New and Gay To Stream,2021,12,Southwest of Salem: The Story of the San Antonio Four ,,Peacock,A documentary about four queer Latinx women falsely accused of and imprisoned for child abuse amid the “Satanic Panic” of the era.
december-2021-whats-new-gay-and-streaming-on-netflix-amazon-prime-video-hulu-hbo-max-and-peacock,December 2021: What’s New and Gay To Stream,2021,12,The Real Housewives of Miami,4,Peacock,"As announced in the press release: “Joining the ladies is Julia Lemigova, a former Russian beauty queen and the first LGBTQIA+ Housewife who is married to pro tennis player Martina Navratilova. Opposite of her city-slick Housewife friends, Julia runs a small farm outside of Miami and can often be found on the farm feeding the chickens or milking goats, amongst the menagerie of animals found on her property.”"
december-2021-whats-new-gay-and-streaming-on-netflix-amazon-prime-video-hulu-hbo-max-and-peacock,December 2021: What’s New and Gay To Stream,2021,12,Vigil,1,BBC One/HBO Max,"Best known to you as “the show where Suranne Jones and Rose Leslie are making out,” Vigil is a police procedural set in Scotland that takes place on a fictional ballistic missile submarine of the Royal Navy."
december-2022-whats-new-and-gay-on-hbo-max-netflix-prime-video-peacock-hulu-paramount-and-prime-video,December 2022: What’s New and Gay To Stream,2022,12,Sort Of,2,HBO Max,"We’re so extremely very excited for the return of Sort Of, which won Most Groundbreaking Representation in the 2022 Autostraddle TV Awards. HBO Max has declared that it is the “season of love” for Sabi Mehboob (Bilal Baig) who’s looking for uncomplicated romance and for everybody in their lives to love each other. But drama is afoot: their Dad returns unexpectedly from Dubai, the Kaneko-Bauers are struggling with Bessy newly released from rehab and Bar Bük is facing a potential eviction and shutdown."
december-2022-whats-new-and-gay-on-hbo-max-netflix-prime-video-peacock-hulu-paramount-and-prime-video,December 2022: What’s New and Gay To Stream,2022,12,Gossip Girl,2,HBO Max,"According to Collider, Season Two of this reboot about hot rich teenagers at an elite high school in New York City terrorized by revelatory text messages is “packed with as much campy fun and sharp pop culture references as the first go-around” while also containing “some of the first season’s flaws.” Queer character Monet will be working on her complicated relationship with her mother, continuing her quest for power and exploring her sexuality “a little more.”"
december-2022-whats-new-and-gay-on-hbo-max-netflix-prime-video-peacock-hulu-paramount-and-prime-video,December 2022: What’s New and Gay To Stream,2022,12,Doom Patrol,4,HBO Max,"In Season 4, “the team unexpectedly travels to the future to find an unwelcome surprise” and then, “faced with their imminent demise, the Doom Patrol must decide once and for all which is more important: their own happiness or the fate of the world?” Diane Guerrero is returning as lesbian character Kay Challis/Crazy Jane and Madeline ZIma is joining the cast as bisexual character Casey Brinke.Space Case, an everyday EMT with a peculiar origin story of her own sucked into the Doom Patrol’s escapades."
december-2022-whats-new-and-gay-on-hbo-max-netflix-prime-video-peacock-hulu-paramount-and-prime-video,December 2022: What’s New and Gay To Stream,2022,12,I Hate Suzie Too,2,HBO Max,"I didn’t know we were getting another season of this delightful British black comedy! What a Christmas miracle! This three-part “anti-Christmas Christmas special” will find Suzie (Billie Piper) amid a rebrand with a new agent and a new job on a reality competition show, Dance Crazee. Her personal life remains rocky — she’s estranged from her best friend Naomi (a bisexual character played by Leila Farzad) and her ex-husband Cob, while trying very hard to create a good life for her son. Trans Iranian writer/actor Yaz Zadeh is also joining the cast."
december-2022-whats-new-and-gay-on-hbo-max-netflix-prime-video-peacock-hulu-paramount-and-prime-video,December 2022: What’s New and Gay To Stream,2022,12,My Unorthodox Life,2,Netflix,"In Season Two, former ultra-orthodox business mogul Julie Haart battles for control of her empire while going through a divorce. Furthermore, she will be attempting to reconnect with her daughter Batsheva and guide her daughter Miriam through her first committed relationship with a woman."
december-2022-whats-new-and-gay-on-hbo-max-netflix-prime-video-peacock-hulu-paramount-and-prime-video,December 2022: What’s New and Gay To Stream,2022,12,The Circle,5,Netflix,"The fifth season of social media reality TV show “The Circle” has filled its one-bedroom apartments with singles, including the series’ first deaf contestant and quite a few LGBTQ people, including at least one bisexual woman"
december-2022-whats-new-and-gay-on-hbo-max-netflix-prime-video-peacock-hulu-paramount-and-prime-video,December 2022: What’s New and Gay To Stream,2022,12,A Storm for Christmas,,Netflix,"I’m also getting a vibe from some of the stills from the Norwegian series “A Storm for Christmas,” out December 16, but obviously cannot confirm at this time."
december-2022-whats-new-and-gay-on-hbo-max-netflix-prime-video-peacock-hulu-paramount-and-prime-video,December 2022: What’s New and Gay To Stream,2022,12,Something from Tiffany’s,,Prime Video,"Two straight couples — Zoey Deutch is in one of them and Shay Mitchell is in the other — have a Tiffany’s box mix-up that causes their paths to cross and “sets off a series of twists and unexpected discoveries that lead them where they’re truly meant to be.” Importantly for us here, Jojo T. Gibbs and Javicia Leslie are lesbian wives!"
december-2022-whats-new-and-gay-on-hbo-max-netflix-prime-video-peacock-hulu-paramount-and-prime-video,December 2022: What’s New and Gay To Stream,2022,12,The Almond & The Seahorse,,Prime Video,"Queer actress Rebel Wilson plays an archeologist grappling with her husband’s traumatic brain injury in this drama that also stars Charlotte Gainsbourg as an architect who’s female partner is suffering from a similar brain injury. Together they “fight to re-imagine a future” that has left them “adrift from the people they love” and, judging from the trailer, do find that solace in each other’s arms/mouths."
december-2022-whats-new-and-gay-on-hbo-max-netflix-prime-video-peacock-hulu-paramount-and-prime-video,December 2022: What’s New and Gay To Stream,2022,12,Life Partners,,Hulu,"A delightful little comedy about “two codependent best friends — one straight girl, one lesbian — and the man who comes between them.”"
december-2022-whats-new-and-gay-on-hbo-max-netflix-prime-video-peacock-hulu-paramount-and-prime-video,December 2022: What’s New and Gay To Stream,2022,12,Mack & Rita,,Hulu,"30-year-old influencer Mack, who idolizes her dead grandmother and has always felt older than her peers, goes to a past-life regression situation and emerges in the body of a 70-year-old played by Diane Keaton. When this film came out pretty much everybody hated it. The alleged comedy also features Loretta Devine as Sharon, the mother of Mack’s best friend Carla (Taylour Paige), and Sharon is a queer woman who left her husband for a woman who then died."
december-2022-whats-new-and-gay-on-hbo-max-netflix-prime-video-peacock-hulu-paramount-and-prime-video,December 2022: What’s New and Gay To Stream,2022,12,Letterkenny,11,Hulu,"This comedy revolves around a small rural Canadian community and two siblings who run a small farm and produce stand. In 2019, Valerie called it “surprisingly queer.”"
december-2022-whats-new-and-gay-on-hbo-max-netflix-prime-video-peacock-hulu-paramount-and-prime-video,December 2022: What’s New and Gay To Stream,2022,12,Survivor’s Remorse,4,Peacock,"This critically acclaimed Starz dramedy is about the family of Cam Calloway, an NBA basketball player who’s just made the big time and moved his family from Boston’s Dorchester neighborhood to Atlanta. Erica Ash is Mary Charles “M-Chuck” Calloway, Cam’s lesbian half-sister, who Carmen wrote was “one of TV’s most important lesbian characters” and truly I cannot recommend this show enough, I loved it with my whole heart."
december-2022-whats-new-and-gay-on-hbo-max-netflix-prime-video-peacock-hulu-paramount-and-prime-video,December 2022: What’s New and Gay To Stream,2022,12,Bros,,Peacock,"This major studio gay rom-com that got so much press about people not going to see it that nobody ended up going to see it is focused on the love story between two white cis gay men, but has “a queer world that is predominantly trans and POC — even if the white cis gay men are the only ones with real characters.” Drew has described it as “not revolutionary, but hilarious.”"
december-2022-whats-new-and-gay-on-hbo-max-netflix-prime-video-peacock-hulu-paramount-and-prime-video,December 2022: What’s New and Gay To Stream,2022,12,The Real Housewives of Miami,5,Peacock,"The first four episodes of the fifth season will drop on December 8, bringing with it openly bisexual model-turned-farmhand Julia Lemigova, who is married to transphobic tennis star Martina Navritalova. According to Kayla, “Her main storylines are having goats, saying goodbye to her teen daughters who are moving away, and possibly being in love with and/or romantically loved by her best friend Adriana de Moura.”"
december-2022-whats-new-and-gay-on-hbo-max-netflix-prime-video-peacock-hulu-paramount-and-prime-video,December 2022: What’s New and Gay To Stream,2022,12,Sampled,1,Paramount+,"This travel documentary series “presents a visceral exploration of international cities from the viewpoint of traveling musicians on world tours, exploring Berlin, Monterrey, Amsterdam, London, Medellin and Tokyo.” The Tokyo episode features bisexual singer/songwriter Arlo Parks."
december-2023-gay-and-streaming-on-netflix-hulu-max-starz-and-peacock,December 2023: What’s New and Gay To Stream,2023,12,Blockers,,Netflix,"One of my favorite queer movies of all time, Blockers follows a group of teenage friends who’ve made a pact to lose their virginity on prom night and their overprotective parents, who really hate this idea! It’s so much cuter and funnier than the description suggests."
december-2023-gay-and-streaming-on-netflix-hulu-max-starz-and-peacock,December 2023: What’s New and Gay To Stream,2023,12,Black Swan,,Netflix,Ballet! Homoeroticism! Natalie Portman! Swans! Mila Kunis!
december-2023-gay-and-streaming-on-netflix-hulu-max-starz-and-peacock,December 2023: What’s New and Gay To Stream,2023,12,Under Pressure: The U.S. Women’s World Cup Team,,Netflix,"This documentary follows the U.S Women’s Soccer Team on their 2023 journey to the World Cup, a time in which they were hoping and dreaming to win a third championship in a row but did not. Watch the trailer for Under Pressure."
december-2023-gay-and-streaming-on-netflix-hulu-max-starz-and-peacock,December 2023: What’s New and Gay To Stream,2023,12,Familia,,Netflix,"Leo, the family patriarch who lives alone with his son Benny, brings his whole family together once a month to catch up over a meal hosted in a resplendent landscape — and this time he wants to talk to his three daughters about the future of his idyllic olive farm. One of those daughters is pregnant and won’t say who the father is and also has brought her possible-girlfriend to the farm! Said maybe-girlfriend takes pictures and has tattoos. Watch the trailer for Familia."
december-2023-gay-and-streaming-on-netflix-hulu-max-starz-and-peacock,December 2023: What’s New and Gay To Stream,2023,12,Cindy la Regia: The High School Years,1,Netflix,"Cindy wants to conquer the world! But then her crown is taken away! In this Mexican television series, CIndy must survive high school and the pressure of the high society of San Pedro Garza García. Her friends are by her side forever. One of them is a lesbian!!!! Cindy is like, “I’ve never met a lesbian before,” and her friend is like, “you’ve known me all your life, stop it!” Ultimately they will challenge the rules of love and be unstoppable. Watch the trailer for “Cindy la Regia: The High School Years”"
december-2023-gay-and-streaming-on-netflix-hulu-max-starz-and-peacock,December 2023: What’s New and Gay To Stream,2023,12,Rebel Moon – Part One: A Child of Fire,,Netflix,"A peaceful colony on the edge of a galaxy is threatened by the armies of a tyrannical ruling force, but a hot myseterious strangers, Kora (Sofia Boutella) rises up to become the villagers’ best hope for survival. She must assemble a band of warriors — “outsiders, insurgents, peasants and orphans of war from different worlds who share a common need for redemption and revenge.” Amongst them is Milius, played by nonbinary actor E.Duffy. Milius is a nonbinary refugee from a farming world that chose to cooperate with their tyrants rather than resist and ended up demolished. Snyder told Vanity Fair that Milius’s strength is their heart — they have the “purest” motives — just wanting to defend this world ’cause they weren’t able to defend or save their own. Watch The Rebel Moon trailer."
december-2023-gay-and-streaming-on-netflix-hulu-max-starz-and-peacock,December 2023: What’s New and Gay To Stream,2023,12,Star Trek: Prodigy ,1,Netflix,"The first season of this animated Star Trek series, originally launched on Paramount+, is being added to Netflix in anticipation of its second season hitting Netflix exclusively in 2024. The series aimed at kiddos has been applauded for its non-binary character, Zero. Zero is a Medusan, an energy-based species that has no gender or corporeal form (living the dream, honestly)."
december-2023-gay-and-streaming-on-netflix-hulu-max-starz-and-peacock,December 2023: What’s New and Gay To Stream,2023,12,"Great Photo, Lovely Life",,Max,"Queer photographer, filmmaker and journalist Amanda Mustard turns the lens around to her own family in this stirring documentary, investigating sexual abuse crimes committed by her grandfather. Watch the trailer for Great Photo, Lovely Life."
december-2023-gay-and-streaming-on-netflix-hulu-max-starz-and-peacock,December 2023: What’s New and Gay To Stream,2023,12,We Live Here: The Midwest,1,Hulu,This docuseries profiles families who’ve established deep roots in communities they sometimes struggle to exist within: a trans/queer family with five kids in Iowa who’ve been expelled from their church; a Black gay couple in Nebraska whose daughter is testing the line of acceptance; a lesbian couple in Kansas whose son is being homeschooled on their farm after being bullied in school; a gay teacher in Ohio building safe spaces for LGBTQ+ kids and a Minnesota couple rebuilding their families after transitioning. Watch the trailer for We Live Here: The Midwest.
december-2023-gay-and-streaming-on-netflix-hulu-max-starz-and-peacock,December 2023: What’s New and Gay To Stream,2023,12,Blue Jean,,Hulu,"It’s 1988 in the UK and Thatcherism has the country focused on traditional values. Jean is a netball coach and PE teacher who’s closeted at school and has a thriving queer community at home — but those worlds collide when she sees a student at her local gay bar, and the student sees her, putting her job at risk. “The triumph of Blue Jean is that it takes time showing the queer lives at stake,” writes Drew. “This is not a dour film. It has hot lesbian sex, sweaty snapshots of queer bars, and, ultimately, portrays the power of community.”"
december-2023-gay-and-streaming-on-netflix-hulu-max-starz-and-peacock,December 2023: What’s New and Gay To Stream,2023,12,Such Brave Girls,1,Hulu,"Produced by A24, Such Brave Girls is a “loosely autobiographical” British sitcom described by star and creator Kat Sadler as “a family sitcom about trauma” and a show about “being narcissistic losers who are pathetically obsessed with what people think about us.” Sadler plays Josie, a character with a lot of mental health struggles, a possessive boyfriend and a burning crush on a woman. “There is a particular joy in seeing a woman-led, female-written show that doesn’t pull its punches and revels in plumbing the depths,” writes The Guardian. Watch the trailer for Such Brave Girls."
december-2023-gay-and-streaming-on-netflix-hulu-max-starz-and-peacock,December 2023: What’s New and Gay To Stream,2023,12,Letterkenny,12,Hulu,"The final season of this cult hit Canadian community is set in an eccentric rural community in Canada full of very funny people, including several queer characters."
december-2023-gay-and-streaming-on-netflix-hulu-max-starz-and-peacock,December 2023: What’s New and Gay To Stream,2023,12,Commitment To Life ,,Peacock,"This documentary looks at the fight against HIV/AIDS in Los Angeles through its community and activists but with a specific focus on Hollywood, and “how an intrepid group of people living with HIV/AIDS, doctors, movie stars, studio moguls and activists changed the course of the epidemic.” Watch the Commitment To Life trailer."
december-2023-gay-and-streaming-on-netflix-hulu-max-starz-and-peacock,December 2023: What’s New and Gay To Stream,2023,12,Kajillionaire ,,Peacock,"Miranda July’s super strange movie about a quirky family of petty criminals stars Evan Rachel Wood as 26-year-old Old Dolio, who even as an adult remains in an emotionally manipulative relationship with her parents, who treat her like an accomplice rather than a daughter. Things get complicated when the family ropes Melanie (Gina Rodriguez) into their next heist, and a weird relationship begins building between Old Dolio and Melanie."
december-2023-gay-and-streaming-on-netflix-hulu-max-starz-and-peacock,December 2023: What’s New and Gay To Stream,2023,12,Round and Round,,Peacock,"Maybe this is incredibly wishful thinking but if the oil burned for eight whole nights then it certainly feels possible that there is a minor lesbian character in this Hanukkah time loop Hallmark movie? Because if you look in the back of this picture… there’s a lesbian couple there! Queer actor Jess Smith plays “Bex” in this film, and straight people aren’t named Bex. Anyhow Louis Litt from Suits is in this movie in which Rachel is stuck in a time loop reliving the night of her parents’ Hanukkah party and wondering if Zach, the “nice boy” Grandma is trying to set her up with, will help her make it to tomorrow."
december-2023-gay-and-streaming-on-netflix-hulu-max-starz-and-peacock,December 2023: What’s New and Gay To Stream,2023,12,Friends & Family Christmas ,,Peacock,"IT’S HERE OUR FIRST LESBIAN FOCUSED HALLMARK CHRISTMAS MOVIE!!! Ali Liebert is a lawyer named Amelia and Humberly Gonzalez is a photographer named Dani who ropes Amelia into pretending to be her girlfriend for the holidays because Dani is simply just quite overwhelmed by the holiday season and pressure from her parents. Fake lovers become real lovers, we know the rules here!"
december-2023-gay-and-streaming-on-netflix-hulu-max-starz-and-peacock,December 2023: What’s New and Gay To Stream,2023,12,Power Book III: Raising Kanan,3,Starz,"Carmen said “Power Book III: Raising Kanan is easily the best of the Power series” and also “good as hell and gay as hell!” Set in the 1990s, Raising Kannan is when we meet a teenage Jukebox and her various early lesbian trysts. The series has already been renewed for Season Four ahead of its season three premiere."
december-2023-gay-and-streaming-on-netflix-hulu-max-starz-and-peacock,December 2023: What’s New and Gay To Stream,2023,12,It’s a Wonderful Knife ,,Shudder,"This “queer Christmas slasher” with loads of LGBTQ+ characters centers on Winnie (Jane Widdop, Yellowjackets), who saves her town from a psychotic killer on Christmas Eve only to be depressed and suicidal a year later. Then she is drawn into a parallel universe where she learns that without her, things would suck a lot more, and also now the killer is back and she’s gotta team up with the (queer) town misfit Bernie (Jess McLeod, who played a queer non-binary character in One of Us is Lying) to ID him and get back to real life. Also, Winnie’s got a cool lesbian aunt and there’s just apparently a lot of gay stuff overall even though reviews are mixed!"
december-2024-new-gay-streaming,December 2024: What’s New and Gay to Stream,2024,12,Fortune Feimster: Crushing It,,Netflix,Lesbian comic Fortune’s new stand-up special for Netflix covers topics including a “romantic” honeymoon with her wife and letting go of being her mom’s stand-in husband.
december-2024-new-gay-streaming,December 2024: What’s New and Gay to Stream,2024,12,A Nonsense Christmas With Sabrina Carpenter ,,Netflix,"Although Sabrina Carpenter herself is somehow not gay, our deeply beloved lesbian icon Chappell Roan will be a guest on Carpenter’s Netflix holiday special."
december-2024-new-gay-streaming,December 2024: What’s New and Gay to Stream,2024,12,Shiva Baby,,Netflix,"Rachel Sennott stars as Danielle, who runs into her sugar daddy and her ex-girlfriend at a shiva, in this movie Drew describes as “very well-made movie about an insufferable soon-to-be college graduate who doesn’t want a full-time job” in which director Emma Seligman does “an excellent job capturing a specific type of Jewish culture and the simmering anxiety it induce.”"
december-2024-new-gay-streaming,December 2024: What’s New and Gay to Stream,2024,12,Queer Eye,9,Netflix,"Our favorite group of gay men who act like lesbians, including noted nonbinary hair guru Jonathan Van Ness, are heading to Vegas to change some lives."
december-2024-new-gay-streaming,December 2024: What’s New and Gay to Stream,2024,12,No Good Deed,1,Netflix,"This new comedy from esteemed lesbian writer/comic Liz Feldman stars Lisa Kudrow and Ray Romano as empty nesters struggling to part with their family home and mixed up in some major hijinks as three families vie to become its new owners, convinced this house will fix all their problems. Abbi Jacobson and Poppy Liu are a lesbian couple struggling to let go of their dream to have a child after many unsuccessful rounds of IVF. Kate Moennig is Gwen, a high- concept developer in a secret relationship with Linda Cardellini’s Margo Starling, who wants to buy the house and flip it."
december-2024-new-gay-streaming,December 2024: What’s New and Gay to Stream,2024,12,The Bravest Knight,2,Netflix,"Heralded for being one of the first all-ages animated series to have an openly gay main character, The Bravest Knight is “a fantasy and adventure story focused on how a young kid and pumpkin gamer turned into the bravest night through wild adventures across the lands,” told through the conceit of Cedric, now married to a Prince, telling his story to his adopted 10-year-old daughter. While we are obviously talking about gay men here and not lesbians, it’s a cute one if you’re looking for queer family-friendly winter break fare, and featured voice actors include Wanda Sykes, RuPaul and Jazz Jennings."
december-2024-new-gay-streaming,December 2024: What’s New and Gay to Stream,2024,12,Cuckoo,,Netflix,"17-year-old Gretchen (Hunter Schafer) leaves America to move in with her father and his family at a resort in the German Alps, where she finds herself plagued by strange noises and bloody visions, eventually uncovering stuff that freaks her out and concerns her own family. Drew said of the horror film, “despite self-serious monologues and overly complicated plot details, I could find little to grab onto about any of these haphazardly included topics.”"
december-2024-new-gay-streaming,December 2024: What’s New and Gay to Stream,2024,12,Ilana Glazer: Human Magic ,,Netflix,"Filmed in Toronto this past May during their 48-city U.S. tour, Human Magic addresses life’s “down-and-dirty truths, from painfully awkward high school years to navigating parenthood as a stoner mom.”"
december-2024-new-gay-streaming,December 2024: What’s New and Gay to Stream,2024,12,Laid,1,Peacock,"Stephanie Hsu is Ruby, and everybody she’s ever slept with is dropping dead, one by one — along with her best friend AJ (Zosia Mamet), she sets out to warn them. Though Ruby is famously prolific when it comes to dating and banging dudes, there are three women on her board of “people who are going to die” and she does have to address that so I believe that means she is a bit bisexual."
december-2024-new-gay-streaming,December 2024: What’s New and Gay to Stream,2024,12,Nip/Tuck ,7,Prime Video,"This very weird show about the two esteemed plastic surgeons in Miami and their practice was really of a time and of a period in Ryan Murphy’s development as a showrunner. There’s tons of incredible guest stars, queer characters throughout — including some really bad trans representation — and it’s a wild ride into a world of wacky narcissism granted seven full-ass seasons to stretch and win and fail and fail again, back when that was still a thing."
december-2024-new-gay-streaming,December 2024: What’s New and Gay to Stream,2024,12,Thelma & Louise ,,Prime Video,"I was surprised when Drew said so many people had this on their “best lesbian movies of all time” list because it’s not a lesbian movie but I guess there is, I suppose, some subtext!"
december-2024-new-gay-streaming,December 2024: What’s New and Gay to Stream,2024,12,Jack in Time For Christimas,,Prime Video,"Queer actor Rebel Wilson is amongst the humans Jack Whitehall finds himself encountering on his troubled journey back to the UK from the USA for Christmas, along with planes, trains, huskies, and bobsleighs."
december-2025-whats-new-gay-and-streaming-on-netflix-starz-prime-video-peacock-amc-and-hallmark,"December 2025: What’s New, Gay and Streaming on Netflix, Starz, Prime Video, Peacock, AMC+ and Hallmark",2025,12,Anne Rice’s Mayfair Witches ,2,Netflix,"Trans actress Jen Richards plays trans character JoJo Mayfair, an original character created for the series based on Anne Rice’s legendary novels."
december-2025-whats-new-gay-and-streaming-on-netflix-starz-prime-video-peacock-amc-and-hallmark,"December 2025: What’s New, Gay and Streaming on Netflix, Starz, Prime Video, Peacock, AMC+ and Hallmark",2025,12,Oh.What.Fun,,Prime Video,"Michelle Pfeiffer is Claire Clauster, the ambitious mother who thanklessly creates a perfect Christmas for her family every holiday season. But this year, with her husband and grown children all distracted by their own seasonal dramas, they head out for a dance show and leave Mom behind, and Mom takes this opportunity to go on her own very special cross country journey, leaving her clan behind to improvise the holiday all on their own. Queer actor Chloë Grace Moretz plays her lesbian daughter who has a vegan girlfriend (Devery Jacobs). Local favorites Joan Chen and Danielle Brooks also star!"
december-2025-whats-new-gay-and-streaming-on-netflix-starz-prime-video-peacock-amc-and-hallmark,"December 2025: What’s New, Gay and Streaming on Netflix, Starz, Prime Video, Peacock, AMC+ and Hallmark",2025,12,Ripple,1,Netflix,"Initially produced for Hallmark+, Ripple follows four humans in New York City who’ve crossed paths hundreds of times, but never met — but due to events initiated in the pilot, are all led to one another in an apparently “beautiful story that celebrates how interconnected we all are and reminds us that the most extraordinary things can blossom from ordinary moments and hardships.” According to someone on reddit, there’s a lesbian storyline. There is no source for this information. But like… why would they make that up? I guess I will find out in two days and either delete this blurb or enthusiastically edit it."
december-2025-whats-new-gay-and-streaming-on-netflix-starz-prime-video-peacock-amc-and-hallmark,"December 2025: What’s New, Gay and Streaming on Netflix, Starz, Prime Video, Peacock, AMC+ and Hallmark",2025,12,Spartacus: House of Ashur,1,Starz,"In this “truth-bending spinoff” of the Spartacus series, we imagine an alternate reality in which Ashur’s treachery earned him the gladiator school once owned by Batiatus, making him no longer a slave, but a teacher and mentor. Ashur takes a chance on gladiatrix Achilla (Tenika Davis), the first female gladiator. The franchise has historically been quite queer, and there are some same-sex kisses between women and men int he trailer, and some fanboys crying online about the gladiatrix being a lesbian, but there is no evidence that this is the case besides their fears."
december-2025-whats-new-gay-and-streaming-on-netflix-starz-prime-video-peacock-amc-and-hallmark,"December 2025: What’s New, Gay and Streaming on Netflix, Starz, Prime Video, Peacock, AMC+ and Hallmark",2025,12,Go On,1,Peacock,"This short-lived (one season) comedy about a grief support group features Julie White as Anne, a deadpan lesbian struggling after losing her wife and wanting to return to dating and life without letting go of her misanthropy."
december-2025-whats-new-gay-and-streaming-on-netflix-starz-prime-video-peacock-amc-and-hallmark,"December 2025: What’s New, Gay and Streaming on Netflix, Starz, Prime Video, Peacock, AMC+ and Hallmark",2025,12,Fallout,2,Prime Video,"Trans actor Xelia Mendes-Jones returns as non-binary character Dane, a scribe of the Brotherhood of Steel, in a season that will carry Lucy (Ella Purnell) from Los Angeles to New Vegas. There’s quite a bit of LGBTQ+ representation in the game, but we’ve yet to see that translate fully to the series."
december-2025-whats-new-gay-and-streaming-on-netflix-starz-prime-video-peacock-amc-and-hallmark,"December 2025: What’s New, Gay and Streaming on Netflix, Starz, Prime Video, Peacock, AMC+ and Hallmark",2025,12,10 Dance,,the CW,"The final movie of the CW’s six adaptations of Harlequin romance novels takes some important gay liberties with the source material. In the book Ordinary Girl in a Tiara, Caro Cartwright’s convinced by her best friend, Princess Lotty, to masquerade as Prince Philippe of Montluce’s girlfriend — a scenario which, of course, turns into actual romance. This adaptation has a similar vibe — ordinary girl swept into the world of a wealthy glamorous potential-love-interest. But, we’re swapping out a royal prince for couture heiress Philippa Levreaux (Kathryn Gallagher) and Caro (Katherine King So) is now a vintage fashion devotee who considers Philippa to be her childhood nemesis. When Caro gives Philippa a place to stay for some reason, SPARKS BEGINS TO FLY. The CW promises that “this tale of style and moxie proves that opposites not only attract but can enrich the lives of anyone willing to take a chance on themselves and on true love.”"
december-2025-whats-new-gay-and-streaming-on-netflix-starz-prime-video-peacock-amc-and-hallmark,"December 2025: What’s New, Gay and Streaming on Netflix, Starz, Prime Video, Peacock, AMC+ and Hallmark",2025,12,The Christmas Baby,,Hallmark,"Ali Liebert (Bomb Girls, all the other queer Christmas movies) and Katherine Barrell (Wynonna Earp) star as Erin and Kelly, a lesbian couple who find a baby on their doorstep just before Christmas? This is a wild premise! Anyhow, they find themselves falling for the little guy and amid a busy holiday season at their co-owned biz, they navigate the foster system in hopes of keeping him."
december-2025-whats-new-gay-and-streaming-on-netflix-starz-prime-video-peacock-amc-and-hallmark,"December 2025: What’s New, Gay and Streaming on Netflix, Starz, Prime Video, Peacock, AMC+ and Hallmark",2025,12,A Firefighter’s Christmas Calendar,,W Network Canada,"Initially announced as a Lifetime movie called The Firefighter’s Christmas Wish with a TBD premiere date, this hotly anticipated lesbian firehouse film will actually debut on the W Network in Canada, with a U.S. launch date still up in the air. The plot is as follows: Firefighter Dani Reed (Holly Devaux) re-starts her late mother’s “Holiday Heroes” fundraiser after she rescues a family just before Christmas — and along with her sister, supportive Dad and charming photographer Sasha (Kyana Teresa), she ends up finding love, purpose, and the “courage to step into real leadership.”"
december-2025-whats-new-gay-and-streaming-on-netflix-starz-prime-video-peacock-amc-and-hallmark,"December 2025: What’s New, Gay and Streaming on Netflix, Starz, Prime Video, Peacock, AMC+ and Hallmark",2025,12,Sanctuary: A Witch’s Tale,2,AMC+,"Sarah Fenn returns to Sanctuary with hopes of rebuilding her friendships and connections, but her daughter Harper is embracing her witchy magic and determined to learn more about it. But after a horrific murder occurs, Sarah’s gotta help Detective Maggie Knight solve the crime before the new MP uses the murder as a reason to stoke hatred for witches. Valerie O’Connor is returning as Sarah’s lesbian friend, Bridget Patterson."
december-2025-whats-new-gay-and-streaming-on-netflix-starz-prime-video-peacock-amc-and-hallmark,"December 2025: What’s New, Gay and Streaming on Netflix, Starz, Prime Video, Peacock, AMC+ and Hallmark",2025,12,Stranger Things,5,Netflix,"The penultimate installment of the legendary series is dropping as a Christmas gift, with the final episode landing on New Year’s Eve. Maya Hawke continues to play lesbian character Robin Buckley."
fall-2017-tv-preview-some-lesbian-and-bisexual-characters-for-you-391985,Fall 2017 TV Preview: Some Lesbian and Bisexual Characters for You,2017,8,Survivor’s Remorse,4,Showtime,"Survivor’s Remorse is one of the most consistently excellent shows on TV, but it doesn’t get a lot of press or social media love because it always airs between summer and fall TV schedules, and it does so on Starz, which isn’t easy to access if you don’t have a hardcore traditional cable package. The show’s lesbian character is M-Chuck; she’s the sister of Survivor’s main character, Cam, a professional basketball player who lives with and takes care of his family. The show ended season three with M-Chuck on her way to Boston to find out the truth behind the rape that led to her conception. She’s working through that, now, in the first few episodes of season four. This show is funny and smart and relentless in its realness, shifting tone from comedy to drama and back again multiple times a season."
fall-2017-tv-preview-some-lesbian-and-bisexual-characters-for-you-391985,Fall 2017 TV Preview: Some Lesbian and Bisexual Characters for You,2017,9,Top Of The Lake: China Girl,2,Sundance,"The second season of this eerie British import continues to star Elizabeth Moss as Robin, who is basically what has become its own female detective trope (slightly reckless, incredibly determined, single or in unstable relationships, sometimes drinks too much, cares deeply about the case, is condescended to by men) and this season Nicole Kidman joins the cast as Julia Edwards, the adoptive mother of the baby Robin gave up as a teenager, who is having an affair with a female teacher at Mary’s school."
fall-2017-tv-preview-some-lesbian-and-bisexual-characters-for-you-391985,Fall 2017 TV Preview: Some Lesbian and Bisexual Characters for You,2017,10,Curb Your Enthusiasm Season 8,8,HBO,"Apparently Julie Goldman will be guesting on at least one episode this season as “Julie,” which is probably, you know, Julie Goldman, and as you likely know, Julie Goldman is a proud butch lez who’ll bring some real proud butch lez emotions to this show about white men who think they are very funny!"
fall-2017-tv-preview-some-lesbian-and-bisexual-characters-for-you-391985,Fall 2017 TV Preview: Some Lesbian and Bisexual Characters for You,2017,10,The Walking Dead ,8,AMC,"Lesbian character Tara is still alive on this show, which is basically all I have to say about it. Her girlfriend Denise died and she found out at the end of last season that the motherfucker who killed her didn’t even mean to (stray arrows in the eyeball, it happens to everyone!) and now she’s nursing another gravely wounded friend back to health. Tara’s not around too much, but when she is Stef always has big dreams for her creating her own little zombie-free Themyscira and living out her days in queer bliss surrounded by other living gay women."
fall-2017-tv-preview-some-lesbian-and-bisexual-characters-for-you-391985,Fall 2017 TV Preview: Some Lesbian and Bisexual Characters for You,2017,11,Shameless,8,Showtime,"Season 8 of Shameless will introduce Nessa, “a tough, smart lesbian who lives in Fiona’s newly purchased apartment building.” Nessa will be played by Jessica Szhor and will “develop a strong relationship with Fiona.” It looks like my faves, lesbian Svetlana and bisexual Veronica, will be back, although I imagine their romance is over, which is sad. Some websites on the internet are attempting to torture me with teases like, “Nessa and Fiona are set to become best friends that may or may not result in passionate love,” despite the fact that we already went down the “could Fiona go both ways?” path in Season Two with Jasmine Hollander and also there was a big missed opportunity with Angela in Season Five. Just saying. Also Regina King is directing this season!"
fall-2017-tv-preview-some-lesbian-and-bisexual-characters-for-you-391985,Fall 2017 TV Preview: Some Lesbian and Bisexual Characters for You,2017,10,Supergirl,3,the CW,"Alex Danvers’s Season 2 Supergirl storylines were so good. Just so good. She came out to her mom, to Kara, to her friends/co-workers. She fell in love. She almost died but didn’t die, and never gave up on living with her very last breath. There were so many ways to swoon it was honestly hard to keep up. In the off-season, we learned that Floriana Lima, who plays Maggie Sawyer, has stepped down as a series regular, which most everyone assumed meant she was going to get shot in the face, but nope! Executive Producer Andrew Kreisberg told Entertainment Weekly she’s absolutely not going to die. She’ll be in the first five episodes, at least — “It’s some of the most emotional stuff we’ve ever done,” Kreisberg promises — and the door will be open for her to come back. Alex isn’t going anywhere!"
fall-2017-tv-preview-some-lesbian-and-bisexual-characters-for-you-391985,Fall 2017 TV Preview: Some Lesbian and Bisexual Characters for You,2017,9,American Horror Story: Cult,7,FX,"As discussed, this season of American Horror Story is loosely centered on a Michigan lesbian played by Sarah Paulson who is horrified by the election of Donald Trump and starts seeing evil clowns everywhere while her partner, played by Allison Pill, tries to keep her own shit together. According to Variety, Evan Peters plays “a series of cult leaders” including Charles Manson, Jim Jones, David Koresh and Andy Warhol. Lena Dunham has a guest role as Valerie Solanis, the legendary author of the notorious SCUM Manifesto (SCUM stands for “Society for Cutting Up Men,” obvs) memorialized in the film I Shot Andy Warhol. (‘Cause she shot Andy Warhol.) Emma Roberts plays “a Michigan newscaster who is promoted above Adina Porter’s character ‘simply because she’s much more superficial and willing to do what it takes to survive.’” Murphy insists, “It’s not about Trump, it’s not about Clinton. It’s about somebody with the wherewithal to put their finger up to the wind and see that that’s what happening and using that to rise up and form power. And use people’s vulnerabilities about how they’re feeling afraid… and they feel like the world is on fire.” It feels highly likely that we will end up adding more characters to the #buryyourgays list this year due to this particular program."
fall-2017-tv-preview-some-lesbian-and-bisexual-characters-for-you-391985,Fall 2017 TV Preview: Some Lesbian and Bisexual Characters for You,2017,10,Legends of Tomorrow ,3,the CW,"As the captain of the Waverider, Sara Lance was basically the lead character in Legends of Tomorrow‘s second season. Not bad for a bisexual woman who only came back to life after fans made their voices heard loud and clear when Arrow murdered her! Sara also did some really solid time-traveling making out, first with Betty McRae and then with then with Guinevere in Camelot. At San Diego Comic-Con, EP Marc Guggenheim told fans Sara is getting a new love interest in Season 3: “It’s definitely time for Sara to settle down, or at least have a relationship that’s more than a roll in the hay. It’s hard when you’re traveling through time.” He also said it’s time to “reestablish Sara’s bisexuality,” and since she’s only been smooching women since Nyssa showed up on Arrow all those years ago, it seems likely that “reestablishment” means a male love interest."
fall-2017-tv-preview-some-lesbian-and-bisexual-characters-for-you-391985,Fall 2017 TV Preview: Some Lesbian and Bisexual Characters for You,2017,11,Marvel’s Runaways,1,Hulu,"Karolina Dean has been a lesbian for a long time in Marvel’s written universe, and now she’s going to be a lesbian in the cinematic one! I don’t want to spoil her coming out arc for you; it’s very dramatic! But I do want to tell you exactly how gay she is: She absorbs the sun’s energy and radiates it back out into the world as a rainbow. The Runaways are runaways because they want to fight the evil forces in the universe and all their parents are monsters. The show boasts a legitimately diverse cast and looks like a lot of fun."
fall-2017-tv-preview-some-lesbian-and-bisexual-characters-for-you-391985,Fall 2017 TV Preview: Some Lesbian and Bisexual Characters for You,2017,9,Broad City,4,Comedy Central,"FINALLY FINALLY ILANA AND ABBY ARE BACK. This season Ilana will be searching the planet for the orgasms she’s been unable to have since the election of Donald Trump, which will inevitably involve hooking up with other ladies, right? Also, look out for a guest spot from Wanda Sykes!"
fall-2017-tv-preview-some-lesbian-and-bisexual-characters-for-you-391985,Fall 2017 TV Preview: Some Lesbian and Bisexual Characters for You,2017,9,Star,2,Fox,"Star slipped under our radar in Season 1 but I watched it all a couple of weeks ago and was actually blown away by it. Trans model/actress Amiyah Scott plays Cotton, a self-described “hustler” who works as both a dancer and a stylist at her mother’s salon in Atlanta. Her mother is played by Queen Latifah. Their relationship is tempestuous. Cotton’s storyline hits a lot of the same ol’ beats (to have surgery or not to have surgery, etc.) but it doesn’t center on them. Cotton is funny and smart and beloved and her complicated motivations and relationship with her mom inform all of her decisions. There’s also a gender non-conforming character named Miss Bruce (played by Miss Lawrence), who was a breakout star in Season 1 and has been upped to a regular for Season 2."
fall-2017-tv-preview-some-lesbian-and-bisexual-characters-for-you-391985,Fall 2017 TV Preview: Some Lesbian and Bisexual Characters for You,2017,9,American Housewife,2,ABC,"Katie is the main character on American Housewife and sometimes she has second breakfast with her two best friends, one of whom is a lesbian named Angela. That’s all Angela does. She’s a sounding board for Katie and her problems and we only find out about her life through throwaway lines of dialogue. We don’t ever actually see her life. She’s got an ex-wife whom we met once. They hate each other’s guts. That’s really it. Middle America loves this show and there’s a black lesbian from time-to-time which is something!"
fall-2017-tv-preview-some-lesbian-and-bisexual-characters-for-you-391985,Fall 2017 TV Preview: Some Lesbian and Bisexual Characters for You,2017,10,Riverdale,2,the CW,"Riverdale’s adding a new character, Toni Topaz, and she will indeed be a bisexual lady. There’s also been hints that Cheryl Blossom will explore her own sexual fluidity this season. Whatever happens, you’ll hear about it on Tumblr for sure."
fall-2017-tv-preview-some-lesbian-and-bisexual-characters-for-you-391985,Fall 2017 TV Preview: Some Lesbian and Bisexual Characters for You,2017,10,The Shannara Chronicles,2,Spike,"Eretria revealed that she’s bisexual in Season 1 of The Shannara Chronicles but it didn’t really go anywhere, but according to the most recent trailer, it’s going somewhere (gay!) in season two! Here’s a bit of TV trivia for you from Valerie Anne: Shannara‘s new queer gal is played by Vanessa Morgan who is also going to be the bisexual Toni Topaz on Riverdale and also played the bisexual Bird on Finding Carter."
fall-2017-tv-preview-some-lesbian-and-bisexual-characters-for-you-391985,Fall 2017 TV Preview: Some Lesbian and Bisexual Characters for You,2017,9,Gotham,4,Fox,"Gotham definitely killed Barbara last season. Electrocuted by her own girlfriend. Which, you know, happens when you’re both troped-up bisexual psychopaths. But then at Heroes and Villains Fan Fest in Nashville, David Mazouz (who plays young Master Bruce) seemed to indicate that she’s still alive? I don’t know, man. This show is not good with its women. It lost me when it banished Rene Montoya and every episode since then has gotten worse and worse w/r/t good queer rep."
fall-2017-tv-preview-some-lesbian-and-bisexual-characters-for-you-391985,Fall 2017 TV Preview: Some Lesbian and Bisexual Characters for You,2017,9,Grey’s Anatomy,14,ABC,"Our beloved Arizona Robbins had a pretty controversial relationship on Season 13 of Grey’s Anatomy. For one thing, no one’s ever going to compete with Callie Torres. But for another thing, she was paired up with Eliza Minnick, who is both loathed by viewers and the characters inside the show. Bailey fired Minnick in the season finale and it was honestly just so satisfying to everyone. Probably that means another broken heart for Arizona. Maybe Minnick will meet up with Erica Hahn in the Parking Lot of No Return and they can have a nice brunch."
fall-2017-tv-preview-some-lesbian-and-bisexual-characters-for-you-391985,Fall 2017 TV Preview: Some Lesbian and Bisexual Characters for You,2017,9,Will & Grace Reboot,1,NBC,"“When we started it was revolutionary to have two gay characters,” Debra Messing said at TCA, according to Vox, “We were ‘LGB,’ but we stopped at B. My hope is we can now finish the alphabet.” What this really speaks to is that Karen’s bisexuality was so downplayed that the cast members have also forgotten about it. Well, I haven’t, and I pray for its return!"
fall-2017-tv-preview-some-lesbian-and-bisexual-characters-for-you-391985,Fall 2017 TV Preview: Some Lesbian and Bisexual Characters for You,2017,9,How To Get Away With Murder ,4,ABC,"Annalise Keating is one of the most important characters on television, played by one of the greatest living actors. I’ll quote our TV writer Natalie from the QPOC roundtable we published a couple of weeks ago: “It’s hard to divorce my love for Annalise Keating from the woman that plays her because so much of what makes me feel seen is that she’s portrayed by someone who looks like Viola Davis. Annalise Keating is a dark-skinned black woman, who isn’t a size zero and whose natural hair hides beneath impeccable wigs. Hollywood has a very narrow definition of what a beautiful black woman ought to look like —*cough* Halle Berry *cough* — and Viola Davis upends all of that.” There’s no word yet whether or not Famke Janssen’s Eve will be back for any episodes in Season 4, but here’s hoping. She’s Annalise’s lifelong love."
fall-2017-tv-preview-some-lesbian-and-bisexual-characters-for-you-391985,Fall 2017 TV Preview: Some Lesbian and Bisexual Characters for You,2017,10,Arrow,6,the CW,"Oliver and William watched the island of Lian Yu explode with basically every Arrow character on it in the Season 5 finale. Those characters included our much beloved and criminally underused Nyssa al Ghul. I’ve gotta believe The CW of all networks isn’t stupid enough to kill another lesbian, but I guess we’ll find out soon! There was a time I believed Donald Trump couldn’t get elected president!"
fall-2017-tv-preview-some-lesbian-and-bisexual-characters-for-you-391985,Fall 2017 TV Preview: Some Lesbian and Bisexual Characters for You,2017,9,One Mississippi ,2,Amazon Prime,"While One Mississippi‘s first season ended with Tig Notaro says the second season will take much less inspiration from her real life. She told Deadline: “There are people that I’m dating [on the show], and checking things out with, and checking out the spark that got started with the Kate character. That’s definitely in season two.” Gay love! It’s in the air in Bay Saint Lucille! You should watch this show if you are not watching this show. It’s so smart and so so funny and THERE’S A LESBIAN LEAD and no gays have been buried."
fall-2017-tv-preview-some-lesbian-and-bisexual-characters-for-you-391985,Fall 2017 TV Preview: Some Lesbian and Bisexual Characters for You,2017,9,Transparent,4,Amazon Prime,"A show beloved by queers and Jewish people alike and often recognized for boldly tackling complicated material is going all-out this season by sending its characters to Israel, where they will confront checkpoints, have spiritual revelations and inspire hot takes. “Transparent” came in #1 on our list of Most Critically Acclaimed Queer-ish TV shows."
fall-2017-tv-preview-some-lesbian-and-bisexual-characters-for-you-391985,Fall 2017 TV Preview: Some Lesbian and Bisexual Characters for You,2017,10,Once Upon A Time,7,ABC,"[Deep sigh.] Once Upon a Time is promising, once again, a gay thing. EP Edward Kitsis told EW: “This [revamped] iteration [of the show] is reflecting the world today. It will not be anything more than just one of other love stories that are happening. I don’t think it’s an arc, it’ll be a character who is gay and that’s who they are and they exist in the world. They don’t have a sign that says ‘special episode.’” That is a thing I will believe when I see."
fall-2017-tv-preview-some-lesbian-and-bisexual-characters-for-you-391985,Fall 2017 TV Preview: Some Lesbian and Bisexual Characters for You,2017,10,Jane the Virgin ,4,the CW,"Luisa’s been perpetually in and out on Jane the Virgin over the course of the show’s run, but it seems likely that she’ll play a much bigger role in Season 4 on account of she now owns literally everything in Miami. Or at least everything entitled to the Solano heir, which Rafael is not. He lied to her about having cancer, and so she taped back together their dad’s shredded will and showed up at his door with it and who’s the psychopath now, my dude? (It’s still Rose. Rose is always the psychopath.) All signs point to a loyalty showdown this season, with Luisa choosing between her lover and her brother once and for all."
fall-2017-tv-preview-some-lesbian-and-bisexual-characters-for-you-391985,Fall 2017 TV Preview: Some Lesbian and Bisexual Characters for You,2017,,Life Sentence,1,N/A,This mid-season replacement stars Aria from Pretty Little Liars as a girl who thought she was going to die but then found out she wasn’t going to die after all! And then it turns out that her Mom is having a relationship with another lady because life is just damn full of surprises.
fall-2018-queer-tv-preview-lesbian-and-bisexual-characters-to-tentatively-anticipate-429614,Fall 2018 Queer TV Preview: All the Lesbian and Bisexual Women Characters to Anxiously Anticipate,2018,9,The Purge,1,USA,"The pilot of The Purge features a flashback to a boy / girl / girl threesome between three lead characters, which means we’ve got at least two sexually fluid ladies on the radar. There’s also some heavy girl-on-girl action between those two women, Jenna and Lila, in in the post-pilot season-ahead trailer. Furthermore, lesbian actress/model AZMarie looks REAL GAY in this show but it’s unclear if her character is gonna be explicitly gay (currently, it seems most likely that her character won’t be developed at all) — regardless, I wanted to mark this occasion just in case. AZ Marie plays an assassin hired by Jane, who the showrunner describes as the story’s most relatable character. Jane is a black finance professional whose career advancement is held back by racism and sexism. She takes the Purge as an opportunity to eliminate what’s between her and the glass ceiling, only to feel immediately conflicted and terrible about it due to, you know, morals. "
fall-2018-queer-tv-preview-lesbian-and-bisexual-characters-to-tentatively-anticipate-429614,Fall 2018 Queer TV Preview: All the Lesbian and Bisexual Women Characters to Anxiously Anticipate,2018,9,Mayans M.C.,,FX,"After a year-long delay, Mayans M.C., the Kurt Sutter and Elgin James helmed spin-off of Sons of Anarchy, finally makes its way onto FX’s fall schedule. Like SOA, Mayans is heavy on motorcycles, drugs, violence and machismo, but its inaugural season will also feature a recurring lesbian couple. Alexandra Barreto — who played Jesus and Mariana’s birth mother, Ana, on The Fosters — will play Antonia Pena, the mayor of Santo Padre, a small town near the California and Mexico border. While her wife tries to navigate the mindfields between the MCs, the Mexican cartels and the community, Katrina Pena (Efrat Dor) will keep on a brave face and manage the couple’s young family. – Natalie"
fall-2018-queer-tv-preview-lesbian-and-bisexual-characters-to-tentatively-anticipate-429614,Fall 2018 Queer TV Preview: All the Lesbian and Bisexual Women Characters to Anxiously Anticipate,2018,9,Wentworth,6,Netflix,"Wentworth has already aired in Australia, and I’ve done very good at avoiding spoilers, so don’t ruin it for me! The pre-season info available indicates that Franky has escaped successfully, and is on the run but also reunites with Bridget Westfall. There are some new characters: Rita, an Indigenous woman and an affiliate of the Conquerer biker gang (played by an Indigenous actress!); Ruby; a black hot-headed charismatic boxer; Marie, a criminal matriarch who heads up a sex-trafficking and prostitution industry, and her loyal conduit, Drago. Due to being listed as romantic links to another Wentworth lesbian character, it seems both Marie and Ruby are lesbian or bisexual or sexually fluid in some way."
fall-2018-queer-tv-preview-lesbian-and-bisexual-characters-to-tentatively-anticipate-429614,Fall 2018 Queer TV Preview: All the Lesbian and Bisexual Women Characters to Anxiously Anticipate,2018,9,Cable Girls,3,Netflix,"Season Three will take a time-jump to 1930 so we can enjoy some fantastic flapper costumes, as well as the ongoing situation between Carlota Rodríguez de Senillosa, a bisexual married woman, Carlota’s husband Miguel, and their partner Sara Millán, a bisexual trans person who fell in love with Carlota."
fall-2018-queer-tv-preview-lesbian-and-bisexual-characters-to-tentatively-anticipate-429614,Fall 2018 Queer TV Preview: All the Lesbian and Bisexual Women Characters to Anxiously Anticipate,2018,9,You,1,Lifetime,"Penn Badgley stars as Joe Goldberg, who “exploit’s today’s technology to win the heart of Beck amid the growing suspicions of her best friend Peach.” Peach, played by Shay Mitchell, is spotted kissing Beck in the trailer. In the novel upon which the series is based, Peach is a wealthy closeted lesbian who fits neatly into the Predatory Lesbian stereotype as well as a few other unfortunate tropes, which is… concerning. But we’ll see! Trans actress Hari Nef will play Blythe, “a talented and competitive peer in Beck’s MFA program.”"
fall-2018-queer-tv-preview-lesbian-and-bisexual-characters-to-tentatively-anticipate-429614,Fall 2018 Queer TV Preview: All the Lesbian and Bisexual Women Characters to Anxiously Anticipate,2018,9,The Last Ship,5,TNT,"Season Five of this drama, which focuses on the crew of a naval ship who survived a virus that wiped out most of the global population, returns for its final season which will involve Lieutenant Alisha Granderson, a lesbian. If the past is any promise for the present, it’s unlikely she’ll get any romantic storylines. But there will be um, lots of ships and explosions and patriotism."
fall-2018-queer-tv-preview-lesbian-and-bisexual-characters-to-tentatively-anticipate-429614,Fall 2018 Queer TV Preview: All the Lesbian and Bisexual Women Characters to Anxiously Anticipate,2018,9,Shameless,9,Showtime,"Shameless’s first seven episodes will air from September 9th – October 21st, and the back half (for an extended 14-season order), will pick up in January 20th. However, I regret to inform you that our girlfriend Svetlana will not be returning. Shameless pretty reliably has queer women characters in it every season even if they’re rarely front-and-center — and this year it looks like Debbie’s gonna be the one hit with the queer bug, getting involved with a black tradeswoman who’s taken to passing as male in order to get paid fairly for her work."
fall-2018-queer-tv-preview-lesbian-and-bisexual-characters-to-tentatively-anticipate-429614,Fall 2018 Queer TV Preview: All the Lesbian and Bisexual Women Characters to Anxiously Anticipate,2018,9,The Deuce,2,HBO,"Big news: my girlfriend Devon from I Love Dick, aka Roberta Colindrez, will be playing “Irene,” a lesbian, although it’s unclear how many episodes she’ll be around for. (h/t to LezWatchTV) Queer sex workers Melissa and Barbara are set to return for Season Two of this HBO series, which tracks a transformative time in the sex industry in New York City. Maggie Gyllenhall stars. James Franco is, unfortunately, also involved. Several casting calls for The Deuce have been for transgender women, including one for a “1970s fabulous transgender woman for a disco club scene.”"
fall-2018-queer-tv-preview-lesbian-and-bisexual-characters-to-tentatively-anticipate-429614,Fall 2018 Queer TV Preview: All the Lesbian and Bisexual Women Characters to Anxiously Anticipate,2018,9,American Horror Story: Apocalypse,,FX,"American Horror Story: Apocalypse, set in October 2019, includes a cross-over between its two most lady-gay-deficient seasons, Coven and Murder House, and many returning actors are reprising their Coven roles, including Emma Roberts and Gabourey Sidibe. Connie Britton and Dylan McDermont will reprise their Murder House roles, as will Jessica Lange (but just for one episode). Sarah Paulson will be playing her Murder House and Coven characters and a new character named Venable, who likes old-fashioned power suits and might be involved romantically with her butch pal Miriam, played by Kathy Bates.You can read more about what to expect here."
fall-2018-queer-tv-preview-lesbian-and-bisexual-characters-to-tentatively-anticipate-429614,Fall 2018 Queer TV Preview: All the Lesbian and Bisexual Women Characters to Anxiously Anticipate,2018,9,Ingobernable,2,Netflix,"María Urquiza had her entire life snatched away from her in Season One of Ingobernable: her father, the President of Mexico, is dead and her mother, implicated in the murder, is forced to run. She can’t rely on Daniela Hurtado, the woman she’s been having an affair with, because she’s working to prosecute her mother, so instead she self-medicates with pills. And then (!!) she goes and gets herself and Daniela kidnapped! Season One ended with María being held hostage in the United States while Daniela… well, let’s just hope that she was rescued along with María’s mother and won’t be another dead lesbian to add to the list. – Natalie"
fall-2018-queer-tv-preview-lesbian-and-bisexual-characters-to-tentatively-anticipate-429614,Fall 2018 Queer TV Preview: All the Lesbian and Bisexual Women Characters to Anxiously Anticipate,2018,9,The First,1,Hulu,"This series, that follows an effort to send the first crewed mission to Mars, features Lisa Gay Hamilton as an astronaut working underneath Sean Penn’s character. She confronts a lot of racism, sexism and homophobia at NASA. Her wife, Nancy, is played by Tracie Thoms, who designs wood furniture and are, according to Carmen, “very loving, domestic black lesbians who enjoy snuggly sweaters and dinner parties.”"
fall-2018-queer-tv-preview-lesbian-and-bisexual-characters-to-tentatively-anticipate-429614,Fall 2018 Queer TV Preview: All the Lesbian and Bisexual Women Characters to Anxiously Anticipate,2018,9,Bojack Horseman,5,Netflix,Wanda Sykes and Issa Rae turn up in the seventh episode of Bojack Horseman’s fifth season… playing lesbians! Issa plays a therapist who appears in several episodes.
fall-2018-queer-tv-preview-lesbian-and-bisexual-characters-to-tentatively-anticipate-429614,Fall 2018 Queer TV Preview: All the Lesbian and Bisexual Women Characters to Anxiously Anticipate,2018,9,American Vandal,2,Netflix,"The second season of this brilliant mockumentary series covers an investigation of a mass poisoning and several other feces-related incidents at a private Catholic high school. One of the students under suspicion, Jenna, is a pretty lesbian from a rich family who yearns to be understood for who she is and not the family she’s from."
fall-2018-queer-tv-preview-lesbian-and-bisexual-characters-to-tentatively-anticipate-429614,Fall 2018 Queer TV Preview: All the Lesbian and Bisexual Women Characters to Anxiously Anticipate,2018,9,« 9-1-1 »,2,Fox,"9-1-1 will return for its second season with an EARTH-SHATTERING PREMIERE guaranteed to play into all of my worst fears about our tender futures on this strange planet — an EARTHQUAKE IN LOS ANGELES episode! Previews suggest that this event will, like the entirety of the show thus far, continue with its depiction of Los Angeles as a city with NO TRAFFIC. Aisha Hinds returns as Hen, a lesbian firefighter/paramedic who’s working to rebuild her marriage after some unfortunate decisions. Jennifer Love Hewitt will replace your wife Connie Britton, who was only under contract for one season."
fall-2018-queer-tv-preview-lesbian-and-bisexual-characters-to-tentatively-anticipate-429614,Fall 2018 Queer TV Preview: All the Lesbian and Bisexual Women Characters to Anxiously Anticipate,2018,9,Star,3,Fox,"Star comes back to us after one heck of a Season Two cliffhanger which pitted 90s R&B star Brandy against Queen Latifah in a guns out brawl. Neither of those characters are gay (even though Queen Latifah’s always gay even when she’s not), so let’s check in on bisexual teenager Simone. She’s still heartbroken over the death of her girlfriend last year, and subsequent arrest of her husband by ICE outside of the funeral for her dead mentor (I told you, this show is a lot). Trans actress Amiyah Scott continues to deliver one of the finest performances in primetime soaps. You really should check out this show for her performance alone! – Carmen"
fall-2019-queer-tv-preview,Fall 2019 Queer TV Preview: 36 Shows With LGBTQ Women All Up In Them,2019,8,Carnival Row,1,Amazon Prime,"Dara Delevingne shares one smooch with another lady fairy in Amazon’s neo-noir fantasy series. It’s already been renewed for a second season, so maybe more lady smooches are to come. Fae folk, as you know, are notoriously gay."
fall-2019-queer-tv-preview,Fall 2019 Queer TV Preview: 36 Shows With LGBTQ Women All Up In Them,2019,9,Steven Universe: The Movie,,Cartoon Network,"Steven Universe‘s 90-minute musical retells Steven’s story and introduces a new big bad who’s immune to his charms. It also shows how Ruby and Sapphire have chosen to display their fused marriage: one wedding ring on each hand! The movie sets up new seasons, and that’s such a relief!"
fall-2019-queer-tv-preview,Fall 2019 Queer TV Preview: 36 Shows With LGBTQ Women All Up In Them,2019,9,The Deuce,,HBO,"Irene (Roberta Colindrez) returns to the final season of this critically acclaimed series as a camera person, set in 1984 as Times Square is gradually being taken over by big business and HIV/AIDS and cocaine are becoming a growing concern"
fall-2019-queer-tv-preview,Fall 2019 Queer TV Preview: 36 Shows With LGBTQ Women All Up In Them,2019,9,Mr. Mercedes,,Audience Network,"Lesbian Lou Linklatter (Breeda Wool) is in prison after deciding to just straight-up murder Brady in the Season Two finale, but she doesn’t feel safe behind bars, either. Plus: Kate Mulgrew joins the cast and lesbian actress Holland Taylor returns as Ida Silver."
fall-2019-queer-tv-preview,Fall 2019 Queer TV Preview: 36 Shows With LGBTQ Women All Up In Them,2019,9,American Horror Story: 1984,,FX,"Sarah Paulson will not be back for this season of American Horror Story, making it 100% less interesting to us, but probably Ryan Murphy’s 80s-themed slasher flick will be very gay. Ol’ Will Schuester (Matthew Morrison) will guest star and so will gay Olympian Gus Kenworthy. Also: Angelica Ross!"
fall-2019-queer-tv-preview,Fall 2019 Queer TV Preview: 36 Shows With LGBTQ Women All Up In Them,2019,9,The Good Place,4,NBC,"The final season of The Good Place is sure to induce much laughter and many tears, but will Eleanor finally get herself a girlfriend or confess her feelings to Tahani or make a move again on returning guest star Kirby Howell-Baptiste ? Probably not. It seems like all roads in paradise lead to Chidi."
fall-2019-queer-tv-preview,Fall 2019 Queer TV Preview: 36 Shows With LGBTQ Women All Up In Them,2019,9,« 9-1-1 »,3,Fox,"Hen returns for another season of 9-1-1, which, according to the trailers and commercials will, once again, involve a lot of dramatic dying and dramatic near-dying and fires and car-flips and lesbian heroics."
fall-2019-queer-tv-preview,Fall 2019 Queer TV Preview: 36 Shows With LGBTQ Women All Up In Them,2019,9,NCIS: New Orleans,6,CBS,"Only Scott Bakula’s personal life ever gets any attention on NCIS: New Orleans, but queer FBI Special Agent Tammy Gregorio definitely exists on this show. (If you ever need to give a lesbian character a job, according to TV, they are all very good at being FBI Special Agents.)"
fall-2019-queer-tv-preview,Fall 2019 Queer TV Preview: 36 Shows With LGBTQ Women All Up In Them,2019,9,Good Doctor,3,ABC,"Out queer actress, Jasika Nicole, who plays Dr. Carly Lever, makes her debut as a series regular."
fall-2019-queer-tv-preview,Fall 2019 Queer TV Preview: 36 Shows With LGBTQ Women All Up In Them,2019,9,This is Us,4,NBC,"First of all, don’t panic: This Is Us has been renewed through season six, so there’s plenty of tears in your future. There’s no word on what’s next for our beloved queer teen Tess, though. “Next season is a very past-heavy season,” show creator Dan Fogelman told THR: We’re going to play in time in a surprising way as we move forward into next seasons of the show.” (Like waaaay past.)"
fall-2019-queer-tv-preview,Fall 2019 Queer TV Preview: 36 Shows With LGBTQ Women All Up In Them,2019,9,Chicago Fire,8,NBC,"Emily Foster is still bisexual on Chicago Fire, even though her personal life hasn’t been explored much past a casual coming out and one kiss with another woman. Still, though, she’s faring better than Leslie Shay."
fall-2019-queer-tv-preview,Fall 2019 Queer TV Preview: 36 Shows With LGBTQ Women All Up In Them,2019,9,Stumptown,1,ABC,"Greg Rucka (who you know best as the comic book writer who made both Rene Montoya and Kate Kane gay) wrote this series with Dax as a bisexual PI. Good news, Cobie Smulders says her sexuality will remain intact. Dax is a mess. A gambling addict and Army vet with a temper who can’t commit to anything. But she’s got a soft gooey center too."
fall-2019-queer-tv-preview,Fall 2019 Queer TV Preview: 36 Shows With LGBTQ Women All Up In Them,2019,9,Grey’s Anatomy,16,ABC,"Carina DeLuca/Dr. Orgasm will be back for at least the season premiere, as she’s delivering Teddy’s baby. And so will Intern Taryn “Hellmouth” Helm, making Grey’s Anatomy the longest running show ever to not have gays characters in recurring slots."
fall-2019-queer-tv-preview,Fall 2019 Queer TV Preview: 36 Shows With LGBTQ Women All Up In Them,2019,9,Sunnyside,1,NBC,"Queer actress Poppy Liu plays one of seven immigrant characters who meet former NYC Councilman Garrett Shah and recruit him to help them live the American Dream in Sunnyside Queens. No word on whether or not Liu’s character is also queer, but it seems likely."
fall-2019-queer-tv-preview,Fall 2019 Queer TV Preview: 36 Shows With LGBTQ Women All Up In Them,2019,9,How To Get Away With Murder ,6,ABC,"The final season of How to Get Away With Murder is upon us! There are so many questions left to be answered (and, I’m sure, so many new questions that will present themselves in the season opener. The main one Natalie and Heather want to know is: Will Eve and Annalise ever be able to forgive and trust and love each other again and also live happily ever after? Will they both ship Annalise and Eve until their own deaths? (Probably not and yes.) At the very least, we are owed a Tegan and Annalise situation."
fall-2019-queer-tv-preview,Fall 2019 Queer TV Preview: 36 Shows With LGBTQ Women All Up In Them,2019,9,Transparent,finale,Amazon,"The 100-minute musical finale will try to make the best of a really bad situation. The series was renewed through season five but the plug was pulled after new broke about Tambor’s sexual harassment on set. Vulture’s review is cautious, but it does say that the best part of the show, as it always has been, is the actual trans actors: “There are moments that also speak to the real-life subtext of this whole project, particularly ‘Let Her Be Okay,’ a heartbreaker that Davina and other LGBTQ friends of Maura’s sing during her funeral. The song is about letting go of a person who has passed, but when Billings croons, ‘We will be okay,’ it’s as though she’s talking about everyone who worked on Transparent, as well as the entire trans community. The reactions from the actors, especially a sobbing Hoffmann, speak to the transcendence of that moment.”"
fall-2019-queer-tv-preview,Fall 2019 Queer TV Preview: 36 Shows With LGBTQ Women All Up In Them,2019,9,American Housewife,4,ABC,"Carly Hughes remains underused as Katie’s lesbian pal Angela, but the beloved Broadway actress did get to shine in last season’s musical episode. It was pretty well received by critics. Maybe they’ll do another!"
fall-2019-queer-tv-preview,Fall 2019 Queer TV Preview: 36 Shows With LGBTQ Women All Up In Them,2019,9,The Politician,1,Netflix,"Ryan Murphy’s first original production for Netflix looks like a lot of fun — following a ridiculously wealthy Tracky Flick-esque high school student (Benn Platt) through (hopefully) five seasons of elections, beginning with student council and ending at the White House in what Murphy describes as “a class takedown with a modern, Trumpy twist.” Promos tease Peton’s bisexuality and queer black actress Rahne Jones is making her TV debut as Skye, who looks very gay! That being said, Murphy has subverted expectations in that department in the past (e.g., Sue Sylvester), but there is  0% chance that there’ll be zero queer women in this program over its entire run. Plus, Janet Mock is on deck to direct an episode."
fall-2019-queer-tv-preview,Fall 2019 Queer TV Preview: 36 Shows With LGBTQ Women All Up In Them,2019,9,God Friended me,2,CBS,"Miles’ sister Ali didn’t get enough screentime, especially around her relationships, but season two promises a meatier storyline for her. We hope that, in addition Ali finding her “calling,” she gets a little time for love too."
fall-2019-queer-tv-preview,Fall 2019 Queer TV Preview: 36 Shows With LGBTQ Women All Up In Them,2019,10,Almost Family,1,Fox,Victoria Cartegena (who you probably remember most from when she walked into the parking lot of no return during her time as Rene Montoya on the first season of Gotham) plays gay in this adaptation of the Aussie series about a fertility doctor who used his own sperm to impregnate 100 women during his career.
fall-2019-queer-tv-preview,Fall 2019 Queer TV Preview: 36 Shows With LGBTQ Women All Up In Them,2019,10,S.W.A.T.,3,CBS,"S.W.A.T. is moving to Wednesday nights but what will stay the same is the presence of bisexual badass Chris Alonso. In her personal life, she’s currently dating a couple that’s about to get married."
fall-2019-queer-tv-preview,Fall 2019 Queer TV Preview: 36 Shows With LGBTQ Women All Up In Them,2019,10,Batwoman,1,the CW,It’s finally happening! Ruby Rose as Kate Kane takes her natural place in The CW’s very queer Arrowverse line-up as the very first lesbian superhero to headline her own show! It’s going to be super and and also super gay!
fall-2019-queer-tv-preview,Fall 2019 Queer TV Preview: 36 Shows With LGBTQ Women All Up In Them,2019,10,Supergirl,5,the CW,"With the exception of The L Word: Generation Q at the bottom of this post, Supergirl may be the queerest show on TV this fall. There’s our longstanding lesbian love, Alex Danvers; trans actress Nicole Maines who plays TV’s first trans superhero, Nia Nal; and Azie Tesfai, who has been upped to a series regular, as Kelly Olson/Alex’s lady love. Also, of note: Supergirl got bangs."
fall-2019-queer-tv-preview,Fall 2019 Queer TV Preview: 36 Shows With LGBTQ Women All Up In Them,2019,10,All-American,2,the CW,"Thanks to a ratings boost from its time on Netflix, All American was mercifully renewed for a second season, meaning that Coop is back with one of the best lesbian stories on TV right now. When season one ended, Coop had rebuilt her relationship with Patience, reconciled with her parents and gotten justice for her fallen friend. With gang life behind her, look for Coop to spend season two looking for a new purpose."
fall-2019-queer-tv-preview,Fall 2019 Queer TV Preview: 36 Shows With LGBTQ Women All Up In Them,2019,10,Black Lightning,3,the CW,"The story gets even bigger in Season Three, with the Pierce family more emotionally and physically distant from one another than ever before. As for Grace, Nafeesa Williams (who plays lesbian superhero Anissa Pierce) told Hypable her hope for Season Three is that “I hope we can come to some kind of resolution and give the fans what they want because I know how much fans appreciate that relationship.”"
fall-2019-queer-tv-preview,Fall 2019 Queer TV Preview: 36 Shows With LGBTQ Women All Up In Them,2019,10,Riverdale,4,the CW,"Toni and Cheryl remain criminally underused on Riverdale; here’s hoping they’ll get to do more than stand in the background holding hands, though this promo photo from the first episode of the season doesn’t seem promising."
fall-2019-queer-tv-preview,Fall 2019 Queer TV Preview: 36 Shows With LGBTQ Women All Up In Them,2019,10,Legacies,2,the CW,Supernatural boarding school? Exes who keep finding their way back into each other’s arms? Are you sold yet? Penelope and Josie will be back to tug on your heartstrings this season as they tug on each other in a surprisingly affecting will-they/won’t they at the The Salvatore School.
fall-2019-queer-tv-preview,Fall 2019 Queer TV Preview: 36 Shows With LGBTQ Women All Up In Them,2019,10,Charmed,2,the CW,"Mel will be working through a broken heart this season as Ellen Tamaki (who played Niko) has been cast on Manifest. She’s not backing down from her feminist agenda, though, according to SpoilerTV, and that’s not nothing."
fall-2019-queer-tv-preview,Fall 2019 Queer TV Preview: 36 Shows With LGBTQ Women All Up In Them,2019,10,The Read,1,Fuse,"Based on Kid Fury and queer writer/comedian Crissle West’s wildly popular podcast, their new show on Fuse will be a variety show/talk show hybrid. It will feature “beloved segments like Hot Tops and The Read, while additionally featuring a special celebrity and/or musician guest.”"
fall-2019-queer-tv-preview,Fall 2019 Queer TV Preview: 36 Shows With LGBTQ Women All Up In Them,2019,10,Letterkenny,2,Netflix,"There are no promises that queer character Katy will get more queer screentime in season two, but this is a very Canadian show with a very Canadian cast that splits its time on Letterkenny and a lot of other very queer shows, so the chances are pretty good it’s going to be even more gay."
fall-2019-queer-tv-preview,Fall 2019 Queer TV Preview: 36 Shows With LGBTQ Women All Up In Them,2019,10,Mrs. Fletcher,1,HBO,"Kathryn Hahn plays the titular character who experiences a sexual re-awakening after sending her older son off to college — including fantasizing about women at the grocery store and taking a writing class from Margo, a trans woman played by beloved trans actress Jen Richards. Every half-hour episode has a female director, including one helmed by Carrie Brownstein."
fall-2019-queer-tv-preview,Fall 2019 Queer TV Preview: 36 Shows With LGBTQ Women All Up In Them,2019,11,Dickinson,1,Apple TV+,"Hailee Steinfeld plays “young, horny” Emily Dickinson in this half-hour comedy that we are very much hoping will have some queer elements — the trailer is suggestive but doesn’t guarantee anything. Regardless — it looks like a lot of fun!"
fall-2019-queer-tv-preview,Fall 2019 Queer TV Preview: 36 Shows With LGBTQ Women All Up In Them,2019,11,Shameless,10,Showtime,"Season Ten picks up six months after the Season Nine finale, with Fiona out of the house and newly queer Debbie taking charge as the new family matriarch. Constance ZImmer joins the cast as Claudia, “a wealthy, sophisticated woman whom Debbie encounters at a hotel bar.” Ian and Lip are returning to the series so we can see their relationship play out in prison! This show’s intentionally positioned back-to-back with Generation Q, so here’s hoping there’s more lesbian action in S10!"
fall-2019-queer-tv-preview,Fall 2019 Queer TV Preview: 36 Shows With LGBTQ Women All Up In Them,2019,12,The Marvelous Mrs Maisel:,3,Amazon,"Will they let Susie be gay this season or what? Here’s all we know, from Alex Bornstein: “You get to see Susie dive in. You get to see her try to be a duck, you know? Ducks look like they’re calmly floating on the water, but underneath they’re frantic, they’re legs are paddling like crazy, which you can’t see… I think you kind of see her keeping her head above water.” Hm. Revelatory. Also, Sterling K Brown is joining the cast!"
fall-2019-queer-tv-preview,Fall 2019 Queer TV Preview: 36 Shows With LGBTQ Women All Up In Them,2019,12,The L Word: Generation Q,1,Showtime,"I mean, it’s the moment we’ve all been waiting for? Shane’s returning to Los Angeles after a breakup, Bette’s running for mayor (and hooking up in her office), Alice is hosting a talkshow and dating a mother-of-two played by Stephanie Allyne. And those are just the returning characters! A whole new cast of twentysomething LGBTQ folks — including Bette’s now-queer daughter Ange, and two trans men of color played by trans men of color (Leo Sheng as Micah Lee and Brian Michael Smith as Bette’s assistant, Pierce Williams). Also rounding out the cast are Micah’s roommates Sophie Suarez (Rosanny Zayas) and Dani Nunez (Arienne Mandi) and new girl in town, Sarah Finley (Jacqueline Toboni), who works for Alice’s show with Sophie. You can see the full extent of our Generation Q updates here. If you’re re-watching the original series (or watching it for the first time) to prepare, we’ve got a great podcast for that!"
fall-2019-queer-tv-preview,Fall 2019 Queer TV Preview: 36 Shows With LGBTQ Women All Up In Them,2019,12,Work in Progress,1,Showtime,"Comic Abby McEnany plays a “a 45-year-old self-identified, fat, queer dyke from Chicago (McEnany) whose misfortune and despair unexpectedly lead her to a vibrantly transformative relationship.” Julia Sweeney plays herself and Lilly Wachowski is co-writing and Executive Producing the series."
fall-2019-queer-tv-preview,Fall 2019 Queer TV Preview: 36 Shows With LGBTQ Women All Up In Them,2019,12,Marvel’s Runaways,3,Hulu,"We don’t know any details about the forthcoming season of Marvel’s Runaways, but we do know Nico and Karolina are still very much here and very much queer."
